marka,model,year,fuel,country,place,price,currency,photo_link,ad_link
Audi,Q2,2019,Gasoline,ES,02007 Albacete,20818,EUR,https://prod.pictures.autoscout24.net/listing-images/6273f7f6-1005-44b8-8b9a-f653f261c772_a001f328-1f62-4bb2-a2f6-f3c7ad107957.jpg/420x315.jpg,https://www.autoscout24.com/offers/audi-q2-1-0-tfsi-sport-edition-85kw-gasoline-white-6273f7f6-1005-44b8-8b9a-f653f261c772
Audi,Q7,2015,Gasoline,NL,5928 LG Venlo,47940,EUR,https://prod.pictures.autoscout24.net/listing-images/f59a8643-fcb3-473b-8b16-0cda0cfad5bb_8f58f7ff-2a7d-4938-ae07-516bf162890a.jpg/420x315.jpg,https://www.autoscout24.com/offers/audi-q7-3-0-tfsi-quattro-7p-s-line-massage-trekhaak-da-gasoline-grey-f59a8643-fcb3-473b-8b16-0cda0cfad5bb
Audi,A3,2013,Diesel,ES,02007 Albacete,13400,EUR,https://prod.pictures.autoscout24.net/listing-images/b34bf01a-caff-48ed-a130-3dceae52d5ab_6f3c8aeb-44ee-4856-8bcb-662764ec624c.jpg/420x315.jpg,https://www.autoscout24.com/offers/audi-a3-cabrio-1-6tdi-ambition-diesel-white-b34bf01a-caff-48ed-a130-3dceae52d5ab
Audi,A1,2015,Diesel,ES,02007 Albacete,10234,EUR,https://prod.pictures.autoscout24.net/listing-images/d6dcd3c3-8207-43d6-9501-e8b134f5e1c6_b4d1a8a0-3ba6-4979-8ee6-085faf9bca20.jpg/420x315.jpg,https://www.autoscout24.com/offers/audi-a1-sportback-1-4tdi-ultra-attraction-diesel-black-d6dcd3c3-8207-43d6-9501-e8b134f5e1c6
Audi,Q5,2015,Diesel,ES,02007 Albacete,21402,EUR,https://prod.pictures.autoscout24.net/listing-images/bfd687ab-d725-47a8-b6ad-93bfc8353177_f1bed152-3b44-48f8-b4f4-b9ddf1f17f63.jpg/420x315.jpg,https://www.autoscout24.com/offers/audi-q5-2-0tdi-advanced-edition-150-diesel-white-bfd687ab-d725-47a8-b6ad-93bfc8353177
Audi,A3,2006,Gasoline,BE,4040 Herstal,6500,EUR,https://prod.pictures.autoscout24.net/listing-images/b6fa27a4-d186-4661-8614-2e855cd7424f_aa872b44-b365-4aaa-9bf6-c00556b5b588.jpg/420x315.jpg,https://www.autoscout24.com/offers/audi-a3-audi-a-3-12-mois-garantie-gasoline-blue-b6fa27a4-d186-4661-8614-2e855cd7424f
Audi,A1,2019,Gasoline,ES,02007 Albacete,16400,EUR,https://prod.pictures.autoscout24.net/listing-images/56e97a82-af8e-47b4-b8bc-b747e4a8aca1_058c2d1b-bc4d-460d-9637-7f6860eb3815.jpg/420x315.jpg,https://www.autoscout24.com/offers/audi-a1-30-tfsi-sportback-advanced-gasoline-white-56e97a82-af8e-47b4-b8bc-b747e4a8aca1
Audi,A3,2013,Diesel,ES,02007 Albacete,14300,EUR,https://prod.pictures.autoscout24.net/listing-images/e45d189d-3d67-48fe-8260-20880b5703ca_5c2a014a-0c2e-4e9e-97e7-c0586a457c40.jpg/420x315.jpg,https://www.autoscout24.com/offers/audi-a3-sedan-2-0tdi-ambition-150-diesel-red-e45d189d-3d67-48fe-8260-20880b5703ca
Audi,A3,2017,Diesel,IT,26900 Lodi - LO,16262,EUR,https://prod.pictures.autoscout24.net/listing-images/bcfd1ca2-8986-42f6-a613-71a9e8b58900_129939cb-d5b1-4366-9fd4-ce4000dc4b74.jpg/420x315.jpg,https://www.autoscout24.com/offers/audi-a3-1-6tdi-sport-edition-81kw-diesel-grey-bcfd1ca2-8986-42f6-a613-71a9e8b58900
Audi,A4,2009,Diesel,DE,77855 Achern,6000,EUR,https://prod.pictures.autoscout24.net/listing-images/92b2521c-b7ff-4f88-a063-fa74b8218852_d4420d5f-5f8d-4157-beeb-926c340f3d38.jpg/420x315.jpg,https://www.autoscout24.com/offers/audi-a4-avant-3-0-v6-tdi-f-ap-quattro-tip-a-diesel-grey-92b2521c-b7ff-4f88-a063-fa74b8218852
Audi,Q2,2021,Gasoline,DE,77855 Achern,39900,EUR,https://prod.pictures.autoscout24.net/listing-images/ef3b350d-dee4-4cee-b768-141e112dc659_eaaa011f-6d6f-40f3-bc28-b0aa66acff67.jpg/420x315.jpg,https://www.autoscout24.com/offers/audi-q2-35-1-5-tfsi-edition-one-s-line-edition-s-tronic-gasoline-grey-ef3b350d-dee4-4cee-b768-141e112dc659
Audi,SQ5,2021,Diesel,DE,77855 Achern,75340,EUR,https://prod.pictures.autoscout24.net/listing-images/ebaa32dc-d118-47fc-a703-1312ea6c0150_9362383e-7faa-4b20-9ce1-1a73473805ed.jpg/420x315.jpg,https://www.autoscout24.com/offers/audi-sq5-tdi-dpf-tiptronic-quattro-leder-luftfederung-diesel-black-ebaa32dc-d118-47fc-a703-1312ea6c0150
Audi,Q3,2021,Diesel,DE,77855 Achern,67089,EUR,https://prod.pictures.autoscout24.net/listing-images/37669d40-014e-4dc0-956e-21f5001d4223_bd5cebf2-027c-4cad-84c0-33c44e97d43c.jpg/420x315.jpg,https://www.autoscout24.com/offers/audi-q3-sportback-40-tdi-dpf-s-tronic-quattro-s-line-pan-diesel-grey-37669d40-014e-4dc0-956e-21f5001d4223
Audi,Q5,2021,Diesel,DE,77855 Achern,67090,EUR,https://prod.pictures.autoscout24.net/listing-images/32636bfa-7321-47fd-9385-dd6316230f8e_db5934d8-e323-4403-8225-09cd8226737c.jpg/420x315.jpg,https://www.autoscout24.com/offers/audi-q5-sportpack-40-tdi-dpf-s-tronic-quattro-s-line-ass-diesel-grey-32636bfa-7321-47fd-9385-dd6316230f8e
Audi,Q5,2021,Diesel,DE,77855 Achern,67090,EUR,https://prod.pictures.autoscout24.net/listing-images/deb9596c-8e98-4f83-9da7-13d056cd1a3d_e2fe9cfa-f84e-4d64-b797-6309418981fd.jpg/420x315.jpg,https://www.autoscout24.com/offers/audi-q5-sportpack-40-tdi-dpf-s-tronic-quattro-s-line-ass-diesel-black-deb9596c-8e98-4f83-9da7-13d056cd1a3d
Audi,Q5,2021,Diesel,DE,77855 Achern,67090,EUR,https://prod.pictures.autoscout24.net/listing-images/17c96aa0-1b53-499c-8129-49aa8dc07827_fdd1103f-2fbd-4bb5-acbb-3bf1cdef8b3d.jpg/420x315.jpg,https://www.autoscout24.com/offers/audi-q5-sportpack-40-tdi-dpf-s-tronic-quattro-s-line-ass-diesel-grey-17c96aa0-1b53-499c-8129-49aa8dc07827
Audi,A3,2009,Gasoline,DE,44339 Dortmund,7490,EUR,https://prod.pictures.autoscout24.net/listing-images/89196715-55ae-4ad7-b80c-bcf0e15d31c6_2cd25250-0627-4523-b2b8-7f3dba462828.jpg/420x315.jpg,https://www.autoscout24.com/offers/audi-a3-1-4-tfsi-attraction-gasoline-black-89196715-55ae-4ad7-b80c-bcf0e15d31c6
Toyota,Land,2007,Diesel,ES,02007 Albacete,17500,EUR,https://prod.pictures.autoscout24.net/listing-images/98ca1643-dfa1-4bd2-9e20-5ab157836577_8cf2cb00-7802-4c31-9d9e-bd169bec8a6a.jpg/420x315.jpg,https://www.autoscout24.com/offers/toyota-land-cruiser-d-4d-vxl-diesel-beige-98ca1643-dfa1-4bd2-9e20-5ab157836577
Toyota,Verso,2017,Diesel,ES,02007 Albacete,13738,EUR,https://prod.pictures.autoscout24.net/listing-images/8655c460-180d-4f30-b32a-615669923336_0b22f590-de42-43a9-84a1-6d45755c2164.jpg/420x315.jpg,https://www.autoscout24.com/offers/toyota-verso-115d-advance-7pl-diesel-white-8655c460-180d-4f30-b32a-615669923336
Toyota,Land,2006,Diesel,ES,02007 Albacete,22400,EUR,https://prod.pictures.autoscout24.net/listing-images/30ed591e-0459-440b-83f5-0203c4f16f0a_dd7ac57b-39fa-4d9b-b0ac-c93008a6aa2c.jpg/420x315.jpg,https://www.autoscout24.com/offers/toyota-land-cruiser-d-4d-vx-diesel-black-30ed591e-0459-440b-83f5-0203c4f16f0a
Toyota,Auris,2014,Diesel,ES,02007 Albacete,8450,EUR,https://prod.pictures.autoscout24.net/listing-images/2f0c046d-33d6-4fd1-a68c-67583b94f5df_60788c00-b95d-4ea3-bdf9-915fd98079ca.jpg/420x315.jpg,https://www.autoscout24.com/offers/toyota-auris-90d-active-diesel-white-2f0c046d-33d6-4fd1-a68c-67583b94f5df
Toyota,C-HR,2019,Gasoline,DE,85276 Pfaffenhofen,19500,EUR,https://prod.pictures.autoscout24.net/listing-images/256fcdb3-7e2b-4c2c-a455-3c08400e442f_c6451e69-01ab-471c-ba5c-ea09ebeb66f4.jpg/420x315.jpg,https://www.autoscout24.com/offers/toyota-c-hr-1-2-turbo-2wd-c-ult-eu6-2-gasoline-white-76e28bea-1cbb-41bc-a61a-f5b377094b2a
Toyota,RAV,1997,Gasoline,ES,08227 TERRASSA,4900,EUR,https://prod.pictures.autoscout24.net/listing-images/b1fd5fdb-6b3b-4105-9be5-dc86a4455fda_2b0ca8b0-5f1d-4f4b-9b2f-93ae8f3d743d.jpg/420x315.jpg,https://www.autoscout24.com/offers/toyota-rav-4-rav4-2-0i-16v-vx-ac-airbags-gasoline-silver-b1fd5fdb-6b3b-4105-9be5-dc86a4455fda
Toyota,RAV,2019,Electric/Gasoline,ES,08227 TERRASSA,23000,EUR,https://prod.pictures.autoscout24.net/listing-images/1735343b-e95d-41a5-a0fc-80d523be28cf_c548ac5a-0e72-4670-9e21-531dead9466c.jpg/420x315.jpg,https://www.autoscout24.com/offers/toyota-rav-4-2-5-4x2-hybrid-team-deutschland-electric-gasoline-black-1735343b-e95d-41a5-a0fc-80d523be28cf
Toyota,Yaris,2009,Gasoline,ES,08227 TERRASSA,2800,EUR,https://prod.pictures.autoscout24.net/listing-images/fc81b1c5-13ff-103d-e053-0100007f65cf_fe90b68e-7c15-4059-aa60-73eec8e60568.jpg/420x315.jpg,https://www.autoscout24.com/offers/toyota-yaris-gasoline-beige-fc81b1c5-13ff-103d-e053-0100007f65cf
Toyota,Land,2007,Diesel,ES,08227 TERRASSA,17500,EUR,https://prod.pictures.autoscout24.net/listing-images/50f44d7c-0a96-4ffb-9c98-1dcc40880ba1_7599f828-18eb-4632-895c-ac03354fbaac.jpg/420x315.jpg,https://www.autoscout24.com/offers/toyota-land-cruiser-d-4d-vxl-diesel-beige-50f44d7c-0a96-4ffb-9c98-1dcc40880ba1
Toyota,Verso,2017,Diesel,ES,08227 TERRASSA,13738,EUR,https://prod.pictures.autoscout24.net/listing-images/35b2217b-0eb8-4c6a-a456-a0c84d419294_6a14b88e-b1ea-473c-a5d3-f9b94a86237f.jpg/420x315.jpg,https://www.autoscout24.com/offers/toyota-verso-115d-advance-7pl-diesel-white-35b2217b-0eb8-4c6a-a456-a0c84d419294
Toyota,Aygo,2007,Gasoline,ES,03006 Alicante,2500,EUR,https://prod.pictures.autoscout24.net/listing-images/6aa5ba53-4d98-4dca-805c-3b8773726c13_d434c079-4a4a-4c70-ad47-5dc95411a3ff.jpg/420x315.jpg,https://www.autoscout24.com/offers/toyota-aygo-1-0-12v-gasoline-black-6aa5ba53-4d98-4dca-805c-3b8773726c13
Toyota,Land,2006,Diesel,ES,03006 Alicante,22400,EUR,https://prod.pictures.autoscout24.net/listing-images/5da65df9-1d02-417d-8efa-9b82edfe83d5_7b92301d-d9d3-4c50-91c5-7f06f4713a21.jpg/420x315.jpg,https://www.autoscout24.com/offers/toyota-land-cruiser-d-4d-vx-diesel-black-5da65df9-1d02-417d-8efa-9b82edfe83d5
Toyota,Auris,2014,Diesel,ES,03006 Alicante,8450,EUR,https://prod.pictures.autoscout24.net/listing-images/54791719-df20-4c37-8409-ae2050ddfe92_acae8181-6bb0-4c1d-b425-f6f0799f87d0.jpg/420x315.jpg,https://www.autoscout24.com/offers/toyota-auris-90d-active-diesel-white-54791719-df20-4c37-8409-ae2050ddfe92
Toyota,Verso-S,2012,Gasoline,ES,03006 Alicante,7800,EUR,https://prod.pictures.autoscout24.net/listing-images/c6bbd326-56e9-4121-bca5-b65f758758cd_34ff0039-5cd3-480b-bb34-5ffe88fd2757.jpg/420x315.jpg,https://www.autoscout24.com/offers/toyota-verso-s-verso-s-1-33-vvt-i-start-stop-multidrive-s-club-gasoline-silver-c6bbd326-56e9-4121-bca5-b65f758758cd
Toyota,Auris,2017,Diesel,ES,03006 Alicante,11636,EUR,https://prod.pictures.autoscout24.net/listing-images/c2d66622-2451-492a-871f-c27737c66ccd_0b4ffa01-c205-4917-b683-fff2e8237141.jpg/420x315.jpg,https://www.autoscout24.com/offers/toyota-auris-1-4d-4d-active-diesel-white-c2d66622-2451-492a-871f-c27737c66ccd
Toyota,Auris,2017,Electric/Gasoline,BE,1830 Machelen,12056,EUR,https://prod.pictures.autoscout24.net/listing-images/eecddcd3-40e4-4336-86b1-803665824743_447d58c3-571e-4fab-967e-b22bc105fef9.jpg/420x315.jpg,https://www.autoscout24.com/offers/toyota-auris-hybrid-140h-feel-electric-gasoline-black-eecddcd3-40e4-4336-86b1-803665824743
Toyota,Corolla,2019,Electric/Gasoline,ES,03006 Alicante,20864,EUR,https://prod.pictures.autoscout24.net/listing-images/5537945a-9b75-4dcb-8567-ddee9dcd30e4_ce591986-235c-4209-b489-8b7f72c245b8.jpg/420x315.jpg,https://www.autoscout24.com/offers/toyota-corolla-180h-feel-electric-gasoline-grey-5537945a-9b75-4dcb-8567-ddee9dcd30e4
Toyota,RAV,2019,Electric/Gasoline,ES,03006 Alicante,28909,EUR,https://prod.pictures.autoscout24.net/listing-images/ca123dc1-a7e3-4243-b315-2681aeba36c1_0f09954f-38f5-4a98-ab50-5704263c49ea.jpg/420x315.jpg,https://www.autoscout24.com/offers/toyota-rav-4-2-5-hybrid-2wd-advance-electric-gasoline-white-ca123dc1-a7e3-4243-b315-2681aeba36c1
Toyota,RAV,1997,Gasoline,ES,03006 Alicante,4900,EUR,https://prod.pictures.autoscout24.net/listing-images/fed8c752-e1ac-4241-8f1d-4bc94976c9c6_2f465248-1bcf-4cde-8ba7-fb7ab174db99.jpg/420x315.jpg,https://www.autoscout24.com/offers/toyota-rav-4-rav4-2-0i-16v-vx-ac-airbags-gasoline-silver-fed8c752-e1ac-4241-8f1d-4bc94976c9c6
Toyota,Avensis,2004,Gasoline,ES,03006 Alicante,4150,EUR,https://prod.pictures.autoscout24.net/listing-images/8a6263e8-d6a2-4d9b-9e29-c762d77df03a_f72c62cb-0496-46c0-ae02-142e49030849.jpg/420x315.jpg,https://www.autoscout24.com/offers/toyota-avensis-verso-2-0i-vvt-i-16v-d4-linea-sol-7pl-gasoline-silver-8a6263e8-d6a2-4d9b-9e29-c762d77df03a
Nissan,Juke,2017,Gasoline,ES,02007 Albacete,11168,EUR,https://prod.pictures.autoscout24.net/listing-images/0e96e679-e47e-4c11-8220-5b76eb1422a1_c27c358f-cb5f-4787-ab8a-cc407f753e00.jpg/420x315.jpg,https://www.autoscout24.com/offers/nissan-juke-1-2-dig-t-acenta-4x2-115-gasoline-yellow-0e96e679-e47e-4c11-8220-5b76eb1422a1
Nissan,Qashqai,2011,Diesel,ES,02007 Albacete,11900,EUR,https://prod.pictures.autoscout24.net/listing-images/03c1650b-dedc-4478-8071-bdb4d8941aa7_fc6e5f3a-34d8-4f95-aefe-d319a810107e.jpg/420x315.jpg,https://www.autoscout24.com/offers/nissan-qashqai-2-0dci-acenta-4x2-diesel-black-03c1650b-dedc-4478-8071-bdb4d8941aa7
Nissan,Qashqai,2017,Diesel,ES,02007 Albacete,15234,EUR,https://prod.pictures.autoscout24.net/listing-images/edaef58c-4ce7-4a0a-9058-21c4634d0b48_b79ffba6-cc5f-4e30-8bdd-1714e307ee1e.jpg/420x315.jpg,https://www.autoscout24.com/offers/nissan-qashqai-1-6dci-n-connecta-4x2-diesel-white-edaef58c-4ce7-4a0a-9058-21c4634d0b48
Nissan,Almera,2005,Diesel,ES,02007 Albacete,3200,EUR,https://prod.pictures.autoscout24.net/listing-images/55a921d3-eecd-490a-8e85-ae11f46521f0_8d4ad5f2-9ca6-4acf-ab31-2c864942dfd5.jpg/420x315.jpg,https://www.autoscout24.com/offers/nissan-almera-tino-2-2dci-acenta-diesel-silver-55a921d3-eecd-490a-8e85-ae11f46521f0
Nissan,Micra,2017,Gasoline,ES,02007 Albacete,11869,EUR,https://prod.pictures.autoscout24.net/listing-images/27f56567-1cd3-46bd-bc06-8b06be46d3d6_cdcc0c8a-c90b-465c-a011-405e09298ff4.jpg/420x315.jpg,https://www.autoscout24.com/offers/nissan-micra-ig-t-s-s-tekna-90-gasoline-white-27f56567-1cd3-46bd-bc06-8b06be46d3d6
Nissan,Qashqai,2014,Gasoline,ES,08227 TERRASSA,10750,EUR,https://prod.pictures.autoscout24.net/listing-images/051b743a-a9f7-4bc7-b531-5cc8b1065b21_817dc9b6-8137-4460-a91b-201b30eefd6e.jpg/420x315.jpg,https://www.autoscout24.com/offers/nissan-qashqai-1-2-dig-t-acenta-4x2-gasoline-white-051b743a-a9f7-4bc7-b531-5cc8b1065b21
Nissan,X-Trail,2018,Diesel,ES,02007 Albacete,21364,EUR,https://prod.pictures.autoscout24.net/listing-images/9991af92-3f3a-43f0-bda3-cb5c4783fd5a_505161c3-c341-4471-bf57-f63c4ba3932b.jpg/420x315.jpg,https://www.autoscout24.com/offers/nissan-x-trail-1-6-dci-n-connecta-4x2-xtronic-diesel-white-9991af92-3f3a-43f0-bda3-cb5c4783fd5a
Nissan,Qashqai,2010,Diesel,ES,02007 Albacete,6500,EUR,https://prod.pictures.autoscout24.net/listing-images/718198fb-aa13-495c-ac85-bc5e9579f3c7_4661451d-1929-4661-8619-0493bbf5f277.jpg/420x315.jpg,https://www.autoscout24.com/offers/nissan-qashqai-1-5dci-acenta-4x2-diesel-silver-718198fb-aa13-495c-ac85-bc5e9579f3c7
Nissan,Qashqai,2010,Gasoline,IT,10134 Torino - TO,7950,EUR,https://prod.pictures.autoscout24.net/listing-images/45f952d3-81e8-4bef-9106-0092a7a1ae8e_f5b051c8-8670-4c9a-adde-9b6042efceda.jpg/420x315.jpg,https://www.autoscout24.com/offers/nissan-qashqai-2-0-cvt-tekna-gasoline-silver-45f952d3-81e8-4bef-9106-0092a7a1ae8e
Nissan,E-NV200,2017,Electric,ES,08227 TERRASSA,13000,EUR,https://prod.pictures.autoscout24.net/listing-images/93ae52dc-97b6-4021-aa9b-0b7b6501eba9_22348d40-3539-455e-b535-793a53545055.jpg/420x315.jpg,https://www.autoscout24.com/offers/nissan-e-nv200-electric-white-93ae52dc-97b6-4021-aa9b-0b7b6501eba9
Nissan,Qashqai,2019,Gasoline,ES,08227 TERRASSA,17094,EUR,https://prod.pictures.autoscout24.net/listing-images/2f110bd5-d34a-4e5d-9924-db76accff1f3_53a67e43-0fa6-4072-afa6-9cb412ddcbf5.jpg/420x315.jpg,https://www.autoscout24.com/offers/nissan-qashqai-1-3-dig-t-n-connecta-4x2-dct-117kw-gasoline-silver-2f110bd5-d34a-4e5d-9924-db76accff1f3
Nissan,Qashqai,2008,Diesel,ES,08227 TERRASSA,5800,EUR,https://prod.pictures.autoscout24.net/listing-images/a91a266b-b447-4709-8604-3b782f65176d_2c125b76-58ed-4562-8c2a-7901368a66ef.jpg/420x315.jpg,https://www.autoscout24.com/offers/nissan-qashqai-2-0dci-acenta-4x2-diesel-silver-a91a266b-b447-4709-8604-3b782f65176d
Nissan,X-Trail,2018,Diesel,ES,08227 TERRASSA,20805,EUR,https://prod.pictures.autoscout24.net/listing-images/928635d3-2918-4fad-945a-1685e2f60cd7_94c7c015-7e5d-4980-8835-4d44be677843.jpg/420x315.jpg,https://www.autoscout24.com/offers/nissan-x-trail-1-6-dci-n-connecta-4x2-diesel-grey-928635d3-2918-4fad-945a-1685e2f60cd7
Nissan,Pulsar,2017,Gasoline,BE,1602 Vlezenbeek,10781,EUR,https://prod.pictures.autoscout24.net/listing-images/10f0e6a3-d31c-48ad-8a2e-be1b8a6d5655_f226409c-c304-4a85-bc60-06ffd1095bb6.jpg/420x315.jpg,https://www.autoscout24.com/offers/nissan-pulsar-1-2-dig-t-tekna-gasoline-white-10f0e6a3-d31c-48ad-8a2e-be1b8a6d5655
Nissan,Qashqai,2009,Gasoline,ES,08227 TERRASSA,4800,EUR,https://prod.pictures.autoscout24.net/listing-images/6a14f001-6120-4dae-a62d-e95609ea445d_ee29e74d-f9b7-4336-95f1-684d17b33350.jpg/420x315.jpg,https://www.autoscout24.com/offers/nissan-qashqai-1-6-acenta-gasoline-grey-6a14f001-6120-4dae-a62d-e95609ea445d
Nissan,Pathfinder,2006,Diesel,ES,08227 TERRASSA,8750,EUR,https://prod.pictures.autoscout24.net/listing-images/5995b871-d6d1-4179-aecc-0f854275bded_140978a5-9e32-4624-b436-a213e25f78f1.jpg/420x315.jpg,https://www.autoscout24.com/offers/nissan-pathfinder-2-5dci-le-diesel-black-5995b871-d6d1-4179-aecc-0f854275bded
Nissan,Micra,2007,Diesel,ES,08227 TERRASSA,3900,EUR,https://prod.pictures.autoscout24.net/listing-images/a740ce66-b664-455c-8b90-008695e7bc56_412405a9-992b-44f4-aeb4-a2d58a023f41.jpg/420x315.jpg,https://www.autoscout24.com/offers/nissan-micra-1-5dci-acenta-plus-diesel-black-a740ce66-b664-455c-8b90-008695e7bc56
Nissan,Micra,2001,Gasoline,ES,08227 TERRASSA,2200,EUR,https://prod.pictures.autoscout24.net/listing-images/c59d76eb-f649-4808-bf15-a4354828ac00_0bdc18cc-7b9f-45e2-a575-6b9677a4690b.jpg/420x315.jpg,https://www.autoscout24.com/offers/nissan-micra-1-0-comfort-gasoline-blue-c59d76eb-f649-4808-bf15-a4354828ac00
Nissan,Qashqai,2017,Gasoline,ES,08227 TERRASSA,14500,EUR,https://prod.pictures.autoscout24.net/listing-images/f2c0b1c5-b92a-3f52-e053-0100007f1af4_9c9443be-f1aa-4d06-b0d3-6bd9b5469478.jpg/420x315.jpg,https://www.autoscout24.com/offers/nissan-qashqai-1-2-n-connecta-gasoline-grey-f2c0b1c5-b92a-3f52-e053-0100007f1af4
Nissan,Almera,2005,Gasoline,ES,08227 TERRASSA,2550,EUR,https://prod.pictures.autoscout24.net/listing-images/bda0fbed-b6cb-4b3c-9494-f9ef12d53c02_01b0d1e1-057a-4812-88f5-2558763102f6.jpg/420x315.jpg,https://www.autoscout24.com/offers/nissan-almera-tino-1-8-acenta-gasoline-silver-bda0fbed-b6cb-4b3c-9494-f9ef12d53c02
Nissan,Juke,2012,Diesel,ES,08227 TERRASSA,9300,EUR,https://prod.pictures.autoscout24.net/listing-images/4b76b166-032b-430f-bea5-ebf07799b7eb_8ec0a581-09aa-4416-8437-530d5b0881a4.jpg/420x315.jpg,https://www.autoscout24.com/offers/nissan-juke-1-5dci-tekna-premium-diesel-red-4b76b166-032b-430f-bea5-ebf07799b7eb
Nissan,Qashqai,2013,Diesel,ES,08227 TERRASSA,10900,EUR,https://prod.pictures.autoscout24.net/listing-images/3f25304c-4907-4640-a5c0-6559a68fa869_17746287-6839-45b1-a9fd-fcd51b19c4df.jpg/420x315.jpg,https://www.autoscout24.com/offers/nissan-qashqai-1-6dci-s-s-360-4x2-diesel-white-3f25304c-4907-4640-a5c0-6559a68fa869
Nissan,Qashqai,2013,Gasoline,ES,08227 TERRASSA,10900,EUR,https://prod.pictures.autoscout24.net/listing-images/191d2071-6430-4b0b-a1cd-d3e0993ecb7d_9ba2db87-5e5e-4e40-8095-fb354802b9e0.jpg/420x315.jpg,https://www.autoscout24.com/offers/nissan-qashqai-1-6-s-s-tekna-sport-chrome-4x2-gasoline-black-191d2071-6430-4b0b-a1cd-d3e0993ecb7d
Nissan,Qashqai,2018,Gasoline,ES,08227 TERRASSA,14400,EUR,https://prod.pictures.autoscout24.net/listing-images/ff81cb86-82ec-446d-a03f-3972f9fe0cd0_127a0f89-70b7-4c9e-8a25-e21d186060cc.jpg/420x315.jpg,https://www.autoscout24.com/offers/nissan-qashqai-1-2-dig-t-tekna-gasoline-black-ff81cb86-82ec-446d-a03f-3972f9fe0cd0
Nissan,Qashqai,2014,Gasoline,ES,08227 TERRASSA,14400,EUR,https://prod.pictures.autoscout24.net/listing-images/8ede5b71-5896-480c-9037-1d72f143595c_b61c04e0-8c19-406c-a95d-c7341190dba0.jpg/420x315.jpg,https://www.autoscout24.com/offers/nissan-qashqai-1-2-dig-t-acenta-4x2-gasoline-white-8ede5b71-5896-480c-9037-1d72f143595c
Nissan,Qashqai,2014,Diesel,ES,08227 TERRASSA,11950,EUR,https://prod.pictures.autoscout24.net/listing-images/37d11a98-7c0e-453a-bdda-ae8380abf078_4f7f0a19-cd02-494c-817c-246ecd415eaf.jpg/420x315.jpg,https://www.autoscout24.com/offers/nissan-qashqai-1-5dci-visia-4x2-diesel-black-37d11a98-7c0e-453a-bdda-ae8380abf078
Nissan,Juke,2015,Diesel,ES,08227 TERRASSA,11122,EUR,https://prod.pictures.autoscout24.net/listing-images/8346dd55-6338-4418-9bba-69b1516b4cfc_4be58e52-445a-41b0-b4bd-8ff3f7407eaf.jpg/420x315.jpg,https://www.autoscout24.com/offers/nissan-juke-1-5dci-tekna-s-4x2-diesel-black-8346dd55-6338-4418-9bba-69b1516b4cfc
Nissan,Qashqai,2011,Diesel,ES,08227 TERRASSA,11950,EUR,https://prod.pictures.autoscout24.net/listing-images/880dba7b-1297-4ddd-ab69-7dc0b34fcae9_ace77c07-9291-470a-b825-6e94c08a543e.jpg/420x315.jpg,https://www.autoscout24.com/offers/nissan-qashqai-q-2-2-0dci-tekna-sport-4x2-17-diesel-blue-880dba7b-1297-4ddd-ab69-7dc0b34fcae9
Nissan,Qashqai,2007,Gasoline,ES,08227 TERRASSA,5900,EUR,https://prod.pictures.autoscout24.net/listing-images/557078cd-65fc-49e9-96ad-085c7459bb94_7f16e08c-1574-49fe-abd4-878174bc4484.jpg/420x315.jpg,https://www.autoscout24.com/offers/nissan-qashqai-2-0-acenta-4x2-gasoline-black-557078cd-65fc-49e9-96ad-085c7459bb94
Nissan,Micra,2007,Gasoline,ES,08227 TERRASSA,3900,EUR,https://prod.pictures.autoscout24.net/listing-images/c42df322-1834-4ce7-8cbe-4212e021f927_35cf2b8c-0f0f-4514-9915-816308b11246.jpg/420x315.jpg,https://www.autoscout24.com/offers/nissan-micra-1-4-acenta-gasoline-silver-c42df322-1834-4ce7-8cbe-4212e021f927
Nissan,Juke,2017,Gasoline,ES,08227 TERRASSA,11168,EUR,https://prod.pictures.autoscout24.net/listing-images/fba8abb3-f58c-41f5-ae41-9f2412243167_25dac9ec-86ae-408a-863f-942d4636b7d1.jpg/420x315.jpg,https://www.autoscout24.com/offers/nissan-juke-1-2-dig-t-acenta-4x2-115-gasoline-yellow-fba8abb3-f58c-41f5-ae41-9f2412243167
Nissan,Qashqai,2010,Diesel,ES,08227 TERRASSA,10500,EUR,https://prod.pictures.autoscout24.net/listing-images/8491b1c5-b974-0441-e053-0100007f4ff3_8dc48ba9-a2cd-4123-9540-e0d32e770c08.jpg/420x315.jpg,https://www.autoscout24.com/offers/nissan-qashqai-1-5-dci-dpf-acenta-diesel-grey-8491b1c5-b974-0441-e053-0100007f4ff3
Nissan,Qashqai,2011,Diesel,ES,08227 TERRASSA,11900,EUR,https://prod.pictures.autoscout24.net/listing-images/21d4c25e-bba5-40ae-9273-6a5e2d6b6f9f_8c69c5dc-88bf-4415-b2a9-83d13d7f9a66.jpg/420x315.jpg,https://www.autoscout24.com/offers/nissan-qashqai-2-0dci-acenta-4x2-diesel-black-21d4c25e-bba5-40ae-9273-6a5e2d6b6f9f
Nissan,Qashqai,2017,Diesel,ES,08227 TERRASSA,15234,EUR,https://prod.pictures.autoscout24.net/listing-images/80c32d5c-3ae9-4d38-a6a7-6d271e75c40c_a70c3ce1-abbe-4d89-871d-e31011c56e32.jpg/420x315.jpg,https://www.autoscout24.com/offers/nissan-qashqai-1-6dci-n-connecta-4x2-diesel-white-80c32d5c-3ae9-4d38-a6a7-6d271e75c40c
Nissan,Almera,2005,Diesel,ES,08227 TERRASSA,3200,EUR,https://prod.pictures.autoscout24.net/listing-images/02fa4f0d-1073-44aa-ab35-e33745aeb49b_4ab79085-3aa3-49c6-90df-bb323ae45f85.jpg/420x315.jpg,https://www.autoscout24.com/offers/nissan-almera-tino-2-2dci-acenta-diesel-silver-02fa4f0d-1073-44aa-ab35-e33745aeb49b
Honda,CR-V,2012,Gasoline,ES,08227 TERRASSA,11950,EUR,https://prod.pictures.autoscout24.net/listing-images/e2200fab-be77-4b3e-93bc-9ee3f97977a0_b7834466-3c5e-4070-9a73-db38ec2108ec.jpg/420x315.jpg,https://www.autoscout24.com/offers/honda-cr-v-2-0i-vtec-luxury-aut-gasoline-black-e2200fab-be77-4b3e-93bc-9ee3f97977a0
Honda,Civic,2018,Gasoline,ES,08227 TERRASSA,15909,EUR,https://prod.pictures.autoscout24.net/listing-images/bc3a5e2f-416e-466a-899c-172426e3b865_dffc1e96-99bd-4890-bc72-679e4c38d7d5.jpg/420x315.jpg,https://www.autoscout24.com/offers/honda-civic-1-0-vtec-turbo-elegance-navi-gasoline-grey-bc3a5e2f-416e-466a-899c-172426e3b865
Honda,CR-V,2013,Diesel,ES,08227 TERRASSA,13600,EUR,https://prod.pictures.autoscout24.net/listing-images/78a45245-7c2f-428c-8ef4-811d3f11e754_99279a0c-675d-4408-9ca9-298861a876b8.jpg/420x315.jpg,https://www.autoscout24.com/offers/honda-cr-v-1-6i-dtec-elegance-navi-4x2-diesel-black-78a45245-7c2f-428c-8ef4-811d3f11e754
Honda,Civic,2009,Gasoline,ES,08227 TERRASSA,7700,EUR,https://prod.pictures.autoscout24.net/listing-images/257278ed-0ac4-4bea-a8ca-6307cadb77d0_1cfa5d8e-3ad9-4901-9340-d657c794db58.jpg/420x315.jpg,https://www.autoscout24.com/offers/honda-civic-1-8-i-vtec-comfort-gasoline-grey-257278ed-0ac4-4bea-a8ca-6307cadb77d0
Honda,Stream,2001,Gasoline,DE,23556 LÃ¼beck,2200,EUR,https://prod.pictures.autoscout24.net/listing-images/ea96b019-2d39-4fa8-9f3c-c3da8017d6e0_d58e756c-3486-4e4c-9dad-bb9a5b24ae03.jpg/420x315.jpg,https://www.autoscout24.com/offers/honda-stream-1-7-i-es-alufelgen-7-sitze-gasoline-green-ea96b019-2d39-4fa8-9f3c-c3da8017d6e0
Honda,CR-V,2012,Gasoline,ES,03006 Alicante,11950,EUR,https://prod.pictures.autoscout24.net/listing-images/c9c144a8-f66a-442b-bf87-0eac081ef7f4_903a44bc-59fb-435e-890e-aeeba40fafec.jpg/420x315.jpg,https://www.autoscout24.com/offers/honda-cr-v-2-0i-vtec-luxury-aut-gasoline-black-c9c144a8-f66a-442b-bf87-0eac081ef7f4
Honda,Civic,2018,Gasoline,ES,03006 Alicante,15909,EUR,https://prod.pictures.autoscout24.net/listing-images/551869bd-35f1-4846-91d2-6d7c02c3d1eb_baf5f5a4-cfb7-4547-a366-f2348edbf0d8.jpg/420x315.jpg,https://www.autoscout24.com/offers/honda-civic-1-0-vtec-turbo-elegance-navi-gasoline-grey-551869bd-35f1-4846-91d2-6d7c02c3d1eb
Honda,CR-V,2013,Diesel,ES,03006 Alicante,13600,EUR,https://prod.pictures.autoscout24.net/listing-images/58bde8ae-45ad-4bd3-a4f3-0813ce24d1e6_1f6a2364-559d-4620-9de3-bd43d87fa3fe.jpg/420x315.jpg,https://www.autoscout24.com/offers/honda-cr-v-1-6i-dtec-elegance-navi-4x2-diesel-black-58bde8ae-45ad-4bd3-a4f3-0813ce24d1e6
Honda,Civic,2009,Gasoline,ES,03006 Alicante,7700,EUR,https://prod.pictures.autoscout24.net/listing-images/00044d56-3366-4ce6-b6ac-f62daf007dc5_8f282b83-0507-4368-89ad-f6675870e760.jpg/420x315.jpg,https://www.autoscout24.com/offers/honda-civic-1-8-i-vtec-comfort-gasoline-grey-00044d56-3366-4ce6-b6ac-f62daf007dc5
Honda,Civic,2000,Gasoline,DE,96515 Sonneberg,4800,EUR,https://prod.pictures.autoscout24.net/listing-images/2cb1b0c5-6745-2f6f-e053-0100007fb762_4d219166-f3c2-400a-8feb-71706d73f7c6.jpg/420x315.jpg,https://www.autoscout24.com/offers/honda-civic-1-5i-s-vtec-gasoline-grey-2cb1b0c5-6745-2f6f-e053-0100007fb762
Honda,Jazz,2013,Gasoline,IT,40066 Pieve Di Cento - Bologna - Bo,8990,EUR,https://prod.pictures.autoscout24.net/listing-images/39e98eb2-df81-41b4-b20e-8c4d4a74e70f_41472fb1-d7e5-45e4-9e3d-83c6e4a4046a.jpg/420x315.jpg,https://www.autoscout24.com/offers/honda-jazz-comfort-advantage-2013-gasoline-white-39e98eb2-df81-41b4-b20e-8c4d4a74e70f
Honda,Jazz,2010,Gasoline,IT,38019 Tuenno - Trento - Tn,7500,EUR,https://prod.pictures.autoscout24.net/listing-images/135de9c6-7f95-4985-97f7-4558b3aa5f05_b5eaecee-3e5f-4cc5-9618-0eb91d732a38.jpg/420x315.jpg,https://www.autoscout24.com/offers/honda-jazz-1-4-i-vtec-elegance-i-shift-gasoline-white-135de9c6-7f95-4985-97f7-4558b3aa5f05
Honda,Civic,2017,Gasoline,DE,73642 Welzheim,18500,EUR,https://prod.pictures.autoscout24.net/listing-images/bd393beb-b2f1-46d9-8723-e20d65f9d970_8786de03-68ef-4fa7-b60c-ce26cf53b751.jpg/420x315.jpg,https://www.autoscout24.com/offers/honda-civic-1-5-i-vtec-turbo-sport-gasoline-black-bd393beb-b2f1-46d9-8723-e20d65f9d970
Honda,S,2005,Gasoline,DE,73642 Welzheim,24999,EUR,https://prod.pictures.autoscout24.net/listing-images/513a92e6-3a30-4615-b63f-9b99b5c23324_fb0aa99a-446f-44b1-97e6-15e832b624be.jpg/420x315.jpg,https://www.autoscout24.com/offers/honda-s-2000-2-0-vtec-117-000km-gasoline-grey-513a92e6-3a30-4615-b63f-9b99b5c23324
Honda,Jazz,2007,Gasoline,DE,73642 Welzheim,1400,EUR,https://prod.pictures.autoscout24.net/listing-images/af24a951-d90f-461f-955e-0465b4f3b4e2_cce8c138-6df7-42f0-9b5b-37b55595feab.jpg/420x315.jpg,https://www.autoscout24.com/offers/honda-jazz-1-2-i-dsi-euro-4-info-335-6440741-gasoline-red-af24a951-d90f-461f-955e-0465b4f3b4e2
Honda,CR-V,2014,Diesel,DE,73642 Welzheim,9100,EUR,https://prod.pictures.autoscout24.net/listing-images/3ba0800c-a0be-4a8c-a0cc-a5a44353cef1_032de46b-3bda-4972-bfe1-add859289e12.jpg/420x315.jpg,https://www.autoscout24.com/offers/honda-cr-v-2-2i-dtec-4wd-lifestyle-kamera-ahk-abn-diesel-brown-3ba0800c-a0be-4a8c-a0cc-a5a44353cef1
Honda,Civic,2018,Gasoline,DE,73642 Welzheim,24000,EUR,https://prod.pictures.autoscout24.net/listing-images/12155541-e1f1-4e38-afc2-c516365cd5be_f7bd6a90-18db-40fb-81f8-0bb2afd7db56.jpg/420x315.jpg,https://www.autoscout24.com/offers/honda-civic-type-r-fk8-kein-opf-500ps-7mod-gasoline-black-12155541-e1f1-4e38-afc2-c516365cd5be
Honda,Civic,2019,Gasoline,DE,73642 Welzheim,12000,EUR,https://prod.pictures.autoscout24.net/listing-images/b456efd9-33f0-4cf7-ad03-27b24dd87291_0aa5cb15-54a8-41e7-9c87-e95063f30347.jpg/420x315.jpg,https://www.autoscout24.com/offers/honda-civic-gasoline-grey-b456efd9-33f0-4cf7-ad03-27b24dd87291
Honda,Accord,2011,Gasoline,DE,73642 Welzheim,5100,EUR,https://prod.pictures.autoscout24.net/listing-images/95572b1e-4512-418f-8a8c-9a0c91117d52_14183132-3801-484b-853e-692d431d02f8.jpg/420x315.jpg,https://www.autoscout24.com/offers/honda-accord-2-4-automatik-types-gasoline-grey-95572b1e-4512-418f-8a8c-9a0c91117d52
Honda,Jazz,2017,Gasoline,DE,73642 Welzheim,5900,EUR,https://prod.pictures.autoscout24.net/listing-images/3df7503b-6a64-4150-8cb0-8e3b2defc48f_fb9beb51-bc1d-4d25-a235-c2f43d876642.jpg/420x315.jpg,https://www.autoscout24.com/offers/honda-jazz-1-3-i-vtec-comfort-gasoline-white-3df7503b-6a64-4150-8cb0-8e3b2defc48f
Honda,HR-V,2018,Gasoline,DE,73642 Welzheim,15800,EUR,https://prod.pictures.autoscout24.net/listing-images/05058c27-4f59-47ff-a294-a96165fa5f64_323fc34f-7468-46c7-af24-829fa0c737c8.jpg/420x315.jpg,https://www.autoscout24.com/offers/honda-hr-v-1-5-i-vtec-executive-vollaustttung-gasoline-silver-05058c27-4f59-47ff-a294-a96165fa5f64
Honda,CR-V,2012,Gasoline,DE,73642 Welzheim,6200,EUR,https://prod.pictures.autoscout24.net/listing-images/b93d4626-9fda-49a5-803d-42944564d409_7e5e5ef9-bc9b-4dd0-ae97-540290ca3b0c.jpg/420x315.jpg,https://www.autoscout24.com/offers/honda-cr-v-2-0i-vtec-4x4-gasoline-black-b93d4626-9fda-49a5-803d-42944564d409
Honda,Civic,2013,Gasoline,DE,73642 Welzheim,9000,EUR,https://prod.pictures.autoscout24.net/listing-images/9aa81a76-a847-4f5d-bae4-4e6e62714442_b526f22d-7e4e-4407-abd6-6fabbf9f82a6.jpg/420x315.jpg,https://www.autoscout24.com/offers/honda-civic-coupe-automatik-us-import-gasoline-silver-9aa81a76-a847-4f5d-bae4-4e6e62714442
Honda,Civic,2017,Gasoline,DE,73642 Welzheim,11000,EUR,https://prod.pictures.autoscout24.net/listing-images/dfb8264d-6758-43b4-8c04-d41d35e967c4_6e567975-2cba-485c-a3b5-4213e2705f0a.jpg/420x315.jpg,https://www.autoscout24.com/offers/honda-civic-1-0-i-vtec-turbo-cvt-elegance-gasoline-grey-dfb8264d-6758-43b4-8c04-d41d35e967c4
Honda,CR-V,2010,Gasoline,DE,73642 Welzheim,6300,EUR,https://prod.pictures.autoscout24.net/listing-images/5cf7dddc-2e93-4667-9d24-12eec97118d9_f01b32ae-bddd-48b7-add7-3c9f9638f5ba.jpg/420x315.jpg,https://www.autoscout24.com/offers/honda-cr-v-2-0i-vtec-elegance-gasoline-white-5cf7dddc-2e93-4667-9d24-12eec97118d9
Honda,Civic,2017,Gasoline,DE,73642 Welzheim,17400,EUR,https://prod.pictures.autoscout24.net/listing-images/c04214f4-e046-4b69-a240-df77d52803f9_809a8a48-761d-486d-9d8b-0b7556f8e52b.jpg/420x315.jpg,https://www.autoscout24.com/offers/honda-civic-2-0-turbo-type-r-gt-437-ps-604-nm-tuev-neu-gasoline-white-c04214f4-e046-4b69-a240-df77d52803f9
Honda,Civic,2018,Gasoline,DE,73642 Welzheim,20800,EUR,https://prod.pictures.autoscout24.net/listing-images/dedd8565-b185-4719-989b-01dd93955537_2453e2e2-9c54-49b2-99ff-d43106ab4166.jpg/420x315.jpg,https://www.autoscout24.com/offers/honda-civic-1-5-i-vtec-turbo-comfort-gasoline-black-dedd8565-b185-4719-989b-01dd93955537
Honda,Civic,2018,Gasoline,DE,73642 Welzheim,18600,EUR,https://prod.pictures.autoscout24.net/listing-images/2f961f66-3b8d-4f1c-b66a-32fc85861500_049d8789-8c63-41e2-aeb9-8f20d50e9af7.jpg/420x315.jpg,https://www.autoscout24.com/offers/honda-civic-2-0-vtec-turbo-type-r-gt-gasoline-grey-2f961f66-3b8d-4f1c-b66a-32fc85861500
Honda,CR-V,2013,Diesel,DE,73642 Welzheim,8500,EUR,https://prod.pictures.autoscout24.net/listing-images/7cfc476f-1257-43f6-9fb3-f8b6860b5253_1c1ab55d-2592-4ea5-b584-02adedc3ba14.jpg/420x315.jpg,https://www.autoscout24.com/offers/honda-cr-v-2-2i-dtec-4wd-lifestyle-diesel-red-7cfc476f-1257-43f6-9fb3-f8b6860b5253
Honda,Accord,2017,Gasoline,DE,73642 Welzheim,16200,EUR,https://prod.pictures.autoscout24.net/listing-images/f7f5352f-ac24-4c0a-b14b-45a57ffef101_7e50a837-c153-47cc-896d-ffcaac741003.jpg/420x315.jpg,https://www.autoscout24.com/offers/honda-accord-civic-2-0-vtec-turbo-type-r-ohne-opf-1-hand-gasoline-white-f7f5352f-ac24-4c0a-b14b-45a57ffef101
Honda,CR-V,2013,Diesel,BE,2800 Mechelen,8000,EUR,https://prod.pictures.autoscout24.net/listing-images/8ab69a36-2317-4c29-ad71-2b9a20fe916f_0e2a39c6-10c9-4b7d-aa2b-cd0a224a5a54.jpg/420x315.jpg,https://www.autoscout24.com/offers/honda-cr-v-2-2i-dtec-4wd-executive-diesel-black-8ab69a36-2317-4c29-ad71-2b9a20fe916f
Honda,Civic,2011,Gasoline,ES,28021 MADRID,8700,EUR,https://prod.pictures.autoscout24.net/listing-images/08a37ab9-9a0a-4783-8405-ee9668ffe48f_60de9c1d-c981-404e-ae60-282bd8e3308b.jpg/420x315.jpg,https://www.autoscout24.com/offers/honda-civic-1-4i-gasoline-grey-08a37ab9-9a0a-4783-8405-ee9668ffe48f
Honda,CR-V,2018,Diesel,ES,46950 VALENCIA,16390,EUR,https://prod.pictures.autoscout24.net/listing-images/7c5579a6-bb36-4e99-977f-9bbf81982ade_31b15dc0-419d-4ea8-9ee4-e1866ce10738.jpg/420x315.jpg,https://www.autoscout24.com/offers/honda-cr-v-1-6-i-dtec-118kw-160cv-4x4-exec-auto-diesel-grey-7c5579a6-bb36-4e99-977f-9bbf81982ade
Honda,CR-V,2019,Electric/Gasoline,BE,6661 Houffalize,20500,EUR,https://prod.pictures.autoscout24.net/listing-images/37414e63-8fff-4198-a1e6-f1fe51c1990a_8bd715ee-8d64-40a9-9660-5ae0660a413e.jpg/420x315.jpg,https://www.autoscout24.com/offers/honda-cr-v-2-0-i-mmd-hybrid-4wd-elegance-electric-gasoline-brown-37414e63-8fff-4198-a1e6-f1fe51c1990a
Skoda,Rapid/Spaceback,2016,Diesel,ES,02007 Albacete,9813,EUR,https://prod.pictures.autoscout24.net/listing-images/a05069cd-4a68-451b-8ad4-e9de894bf991_88420b14-9f34-47d0-8950-21c1c9beeacb.jpg/420x315.jpg,https://www.autoscout24.com/offers/skoda-rapid-spaceback-1-6tdi-cr-ambition-85kw-diesel-white-a05069cd-4a68-451b-8ad4-e9de894bf991
Skoda,Octavia,2011,Diesel,IT,21053 Castellanza,8500,EUR,https://prod.pictures.autoscout24.net/listing-images/f4d4e126-3895-4463-bca5-da119b2fde7a_59c63c0b-956f-492b-998b-9fcb170f42a6.jpg/420x315.jpg,https://www.autoscout24.com/offers/skoda-octavia-2-0-tdi-dpf-dsg-family-diesel-yellow-f4d4e126-3895-4463-bca5-da119b2fde7a
Skoda,Octavia,2019,Diesel,ES,08227 TERRASSA,18500,EUR,https://prod.pictures.autoscout24.net/listing-images/c3e0b1c5-63be-d75d-e053-0100007fb50f_e65e9249-690c-473c-acb8-89a10b1deca6.jpg/420x315.jpg,https://www.autoscout24.com/offers/skoda-octavia-combi-1-6-tdi-116-ch-cr-fap-style-diesel-black-c3e0b1c5-63be-d75d-e053-0100007fb50f
Skoda,Fabia,2017,Diesel,ES,08227 TERRASSA,9950,EUR,https://prod.pictures.autoscout24.net/listing-images/ff6f00a5-5142-4905-8dea-2c9c07565119_442b3343-70cc-4e52-afb5-5caff2521d87.jpg/420x315.jpg,https://www.autoscout24.com/offers/skoda-fabia-fabia-1-4-tdi-design-edition-75cv-diesel-grey-ff6f00a5-5142-4905-8dea-2c9c07565119
Skoda,Fabia,2004,Gasoline,ES,08227 TERRASSA,290,EUR,https://prod.pictures.autoscout24.net/listing-images/d1169b07-ad46-445a-8be3-9f4fb3b86002_d02f87dd-d115-4ea5-9def-58f823eef07e.jpg/420x315.jpg,https://www.autoscout24.com/offers/skoda-fabia-1-4-16v-extreme-gasoline-grey-d1169b07-ad46-445a-8be3-9f4fb3b86002
Skoda,Octavia,2018,Diesel,ES,08227 TERRASSA,20818,EUR,https://prod.pictures.autoscout24.net/listing-images/b3b24d12-cb6b-4da5-b462-97543a7b06a7_99c19248-95b3-4cd7-adba-b60a54db8fca.jpg/420x315.jpg,https://www.autoscout24.com/offers/skoda-octavia-2-0tdi-rs-135kw-diesel-white-b3b24d12-cb6b-4da5-b462-97543a7b06a7
Skoda,Octavia,2007,Diesel,NL,6135 KD SITTARD,4500,EUR,https://prod.pictures.autoscout24.net/listing-images/68c2abac-c559-45bc-abea-00762b911299_e74392ad-e7c3-4607-a28e-3ceb21fc0219.jpg/420x315.jpg,https://www.autoscout24.com/offers/skoda-octavia-1-9tdi-tradition-tour-100-diesel-beige-68c2abac-c559-45bc-abea-00762b911299
Skoda,Kodiaq,2020,Gasoline,NL,6135 KD SITTARD,22636,EUR,https://prod.pictures.autoscout24.net/listing-images/c59300bf-692d-4b52-8f93-82c8fc835633_f46a59f9-5072-40c7-929a-8749274848cc.jpg/420x315.jpg,https://www.autoscout24.com/offers/skoda-kodiaq-1-5-tsi-ambition-4x2-110kw-gasoline-white-c59300bf-692d-4b52-8f93-82c8fc835633
Skoda,Rapid/Spaceback,2016,Diesel,NL,6135 KD SITTARD,9813,EUR,https://prod.pictures.autoscout24.net/listing-images/a8e612b0-592d-4d50-9d5c-6fc340b2b188_63645f98-f527-4091-9268-6a5255c109b6.jpg/420x315.jpg,https://www.autoscout24.com/offers/skoda-rapid-spaceback-1-6tdi-cr-ambition-85kw-diesel-white-a8e612b0-592d-4d50-9d5c-6fc340b2b188
Skoda,Enyaq,2021,Electric,AT,2724 Hohe Wand-Stollhof,49590,EUR,https://prod.pictures.autoscout24.net/listing-images/c54ef39b-dc3e-4c31-b74c-a6fab09fc6d9_00394dff-4315-41ef-baa1-059a581bde1d.jpg/420x315.jpg,https://www.autoscout24.com/offers/skoda-enyaq-60-sportline-180-pk-electric-grey-c54ef39b-dc3e-4c31-b74c-a6fab09fc6d9
Skoda,Enyaq,2021,Electric,DE,38440 Wolfsburg,49590,EUR,https://prod.pictures.autoscout24.net/listing-images/7a1b988e-5711-4ee8-bc40-a1b61ef6acba_cb9ac9a3-f2a2-47f7-a712-01ea828e8de6.jpg/420x315.jpg,https://www.autoscout24.com/offers/skoda-enyaq-60-sportline-180-pk-electric-silver-7a1b988e-5711-4ee8-bc40-a1b61ef6acba
Skoda,Enyaq,2021,Electric,DE,38440 Wolfsburg,46930,EUR,https://prod.pictures.autoscout24.net/listing-images/dc50d23c-7825-4977-add0-cfe3c604f3ff_c1a85e83-a420-45ac-96ee-bd26d2a2a88e.jpg/420x315.jpg,https://www.autoscout24.com/offers/skoda-enyaq-60-180-pk-electric-silver-dc50d23c-7825-4977-add0-cfe3c604f3ff
Skoda,Fabia,2018,Diesel,DE,38440 Wolfsburg,9490,EUR,https://prod.pictures.autoscout24.net/listing-images/a2a1bfe9-97d9-46ef-a34b-fb63e93b3a6d_1d051474-8ad9-4125-b3b5-ab85bd8392ce.jpg/420x315.jpg,https://www.autoscout24.com/offers/skoda-fabia-combi-ambition-1-4-tdi-1-besitz-np-eur-21-260-diesel-silver-a2a1bfe9-97d9-46ef-a34b-fb63e93b3a6d
Skoda,Superb,2013,Diesel,DE,38440 Wolfsburg,7000,EUR,https://prod.pictures.autoscout24.net/listing-images/0cdbb5f3-25d6-4e4e-ad60-ff31f537be47_b2887f32-50c0-48e6-b134-cf733ecf7e10.jpg/420x315.jpg,https://www.autoscout24.com/offers/skoda-superb-1-6-cr-tdi-elegance-diesel-black-0cdbb5f3-25d6-4e4e-ad60-ff31f537be47
Skoda,Fabia,2017,Gasoline,DE,38440 Wolfsburg,9100,EUR,https://prod.pictures.autoscout24.net/listing-images/d27e057f-7f14-4067-870c-06f28eab0054_08ed4856-16e9-417c-90db-db0c5456478a.jpg/420x315.jpg,https://www.autoscout24.com/offers/skoda-fabia-1-0-mpi-cool-plus-gasoline-blue-d27e057f-7f14-4067-870c-06f28eab0054
Skoda,Kamiq,2020,Gasoline,DE,26123 Oldenburg,21995,EUR,https://prod.pictures.autoscout24.net/listing-images/11f7db46-97b3-49ba-a9cb-47674dd499d9_21c3e1cb-bc2b-4e2c-acde-d4d99510f378.jpg/420x315.jpg,https://www.autoscout24.com/offers/skoda-kamiq-1-5-tsi-opf-dsg-ambition-bluetooth-led-klima-gasoline-white-11f7db46-97b3-49ba-a9cb-47674dd499d9
Skoda,Enyaq,2021,Electric,NL,6135 KD SITTARD,46930,EUR,https://prod.pictures.autoscout24.net/listing-images/eef8cf24-124d-4111-8a72-85dcb5688294_c72825c7-1523-47ce-83f5-9c80941da63b.jpg/420x315.jpg,https://www.autoscout24.com/offers/skoda-enyaq-60-180-pk-electric-white-eef8cf24-124d-4111-8a72-85dcb5688294
Skoda,Enyaq,2021,Electric,NL,6135 KD SITTARD,46930,EUR,https://prod.pictures.autoscout24.net/listing-images/118f3393-4fd3-438d-a107-4f5d4f48295c_86217f78-224c-480f-b6f6-2cde9cbf6f47.jpg/420x315.jpg,https://www.autoscout24.com/offers/skoda-enyaq-60-180-pk-electric-black-118f3393-4fd3-438d-a107-4f5d4f48295c
Skoda,Octavia,2018,Diesel,ES,03006 Alicante,20818,EUR,https://prod.pictures.autoscout24.net/listing-images/840a95be-01f7-476c-9c43-c07d4a603ead_09e3b54d-88a9-4063-835e-f2bf54f768f4.jpg/420x315.jpg,https://www.autoscout24.com/offers/skoda-octavia-2-0tdi-rs-135kw-diesel-white-840a95be-01f7-476c-9c43-c07d4a603ead
Skoda,Octavia,2007,Diesel,ES,03006 Alicante,4500,EUR,https://prod.pictures.autoscout24.net/listing-images/28efd578-4198-4dcf-8eef-07fa69d0f60e_fae25e16-c4d5-4fa6-bce8-bf37712f2824.jpg/420x315.jpg,https://www.autoscout24.com/offers/skoda-octavia-1-9tdi-tradition-tour-100-diesel-beige-28efd578-4198-4dcf-8eef-07fa69d0f60e
Skoda,Kodiaq,2020,Gasoline,ES,03006 Alicante,22636,EUR,https://prod.pictures.autoscout24.net/listing-images/7ebc38e5-a051-4ae9-bfa4-fef8dc897285_24e4fea2-a030-4acf-9734-6dd877844436.jpg/420x315.jpg,https://www.autoscout24.com/offers/skoda-kodiaq-1-5-tsi-ambition-4x2-110kw-gasoline-white-7ebc38e5-a051-4ae9-bfa4-fef8dc897285
Skoda,Fabia,2012,Gasoline,DE,56598 Rheinbrohl,5895,EUR,https://prod.pictures.autoscout24.net/listing-images/39989756-da63-43ae-8c8f-7a4edac25e08_b3232192-aa54-4ae6-848c-063ca4ba0ce5.jpg/420x315.jpg,https://www.autoscout24.com/offers/skoda-fabia-1-2-combi-classic-aus-1-hand-allwetter-reifen-gasoline-blue-39989756-da63-43ae-8c8f-7a4edac25e08
Skoda,Fabia, 2021,Gasoline,DE,56598 Rheinbrohl,12995,EUR,https://prod.pictures.autoscout24.net/listing-images/358f7c73-fc48-43fa-ae91-14bb48dda8ff_a563e925-537a-4482-9a9a-a8d8cacf921d.jpg/420x315.jpg,https://www.autoscout24.com/offers/skoda-fabia-1-0-active-klima-5-j-garantie-neuwagen-gasoline-grey-358f7c73-fc48-43fa-ae91-14bb48dda8ff
Skoda,Rapid/Spaceback,2016,Diesel,ES,03006 Alicante,9813,EUR,https://prod.pictures.autoscout24.net/listing-images/ce87c9a1-d0c5-4179-b18b-1bf070c8805e_3833e2f3-f648-46c6-a371-c0863ca8b759.jpg/420x315.jpg,https://www.autoscout24.com/offers/skoda-rapid-spaceback-1-6tdi-cr-ambition-85kw-diesel-white-ce87c9a1-d0c5-4179-b18b-1bf070c8805e
Skoda,Fabia,2017,Gasoline,DE,52078 Aachen-Eilendorf,7685,EUR,https://prod.pictures.autoscout24.net/listing-images/388fd34f-f7b1-4fda-999f-59551d796b6e_3e4a7800-e467-458a-bb55-6c6ece675351.jpg/420x315.jpg,https://www.autoscout24.com/offers/skoda-fabia-1-0-active-radio-klima-dab-abs-esp-gasoline-white-388fd34f-f7b1-4fda-999f-59551d796b6e
Skoda,Kodiaq,2018,Gasoline,DE,52078 Aachen-Eilendorf,27845,EUR,https://prod.pictures.autoscout24.net/listing-images/0c982bd3-50e7-4a2e-8b0f-63d4f14246fe_269f353b-299a-4c79-a270-bc346f6bc834.jpg/420x315.jpg,https://www.autoscout24.com/offers/skoda-kodiaq-2-0-tsi-style-4x4-led-dsg-navi-acc-dab-gasoline-black-0c982bd3-50e7-4a2e-8b0f-63d4f14246fe
Skoda,Fabia, 2021,Gasoline,DE,16816 Neuruppin,21260,EUR,https://prod.pictures.autoscout24.net/listing-images/f9261bb8-9cd2-4fa3-b8be-38ef1192c66d_3b496c0c-b999-4514-94af-e7de3f272b5d.jpg/420x315.jpg,https://www.autoscout24.com/offers/skoda-fabia-1-0-tsi-dsg-clever-kamera-2x-pdc-klima-gasoline-black-f9261bb8-9cd2-4fa3-b8be-38ef1192c66d
Skoda,Fabia, 2021,Gasoline,DE,16816 Neuruppin,22890,EUR,https://prod.pictures.autoscout24.net/listing-images/9b6c314a-89ee-45d1-b345-070829c0e0d8_88585e42-3d98-432a-91e3-68897008444d.jpg/420x315.jpg,https://www.autoscout24.com/offers/skoda-fabia-combi-1-0-tsi-dsg-best-of-clever-navi-pano-gasoline-white-9b6c314a-89ee-45d1-b345-070829c0e0d8
Skoda,Fabia,2011,Gasoline,DE,72505 Krauchenwies,5690,EUR,https://prod.pictures.autoscout24.net/listing-images/95b44a44-e02e-4fed-a6c1-b79063784afe_ca0e5478-dbf6-4385-9052-20e0487b2417.jpg/420x315.jpg,https://www.autoscout24.com/offers/skoda-fabia-rs-5j2-179-ps-automatik-8-fach-bereift-gasoline-green-95b44a44-e02e-4fed-a6c1-b79063784afe
Skoda,Superb,2017,Diesel,BE,3800 Sint-Truiden,15990,EUR,https://prod.pictures.autoscout24.net/listing-images/4af47101-5a21-4b4b-bf26-f6b071d9dff7_8cd3d806-dc35-42d9-a8d8-526328cf4dbe.jpg/420x315.jpg,https://www.autoscout24.com/offers/skoda-superb-1-6-cr-tdi-greenline-ambition-navi-cam-cc-bt-alus-diesel-grey-4af47101-5a21-4b4b-bf26-f6b071d9dff7
Skoda,Superb,2016,Diesel,NL,3641 RP MIJDRECHT,17000,EUR,https://prod.pictures.autoscout24.net/listing-images/7a218299-da67-4c8d-947a-478b4ae4e534_2d28b26b-2f2d-4471-ae14-0ab9cbd9d9f9.jpg/420x315.jpg,https://www.autoscout24.com/offers/skoda-superb-combi-2-0-tdi-4x4-dsg-ambition-diesel-black-7a218299-da67-4c8d-947a-478b4ae4e534
Skoda,Citigo,2013,Gasoline,IT,24040 Ciserano - Bergamo,4750,EUR,https://prod.pictures.autoscout24.net/listing-images/679c9d80-d2aa-4d37-92b7-53f236bddb58_f5f4764d-17eb-4cdc-b8cd-0fa8075adab0.jpg/420x315.jpg,https://www.autoscout24.com/offers/skoda-citigo-1-0-grt-arctic-gasoline-white-679c9d80-d2aa-4d37-92b7-53f236bddb58
Skoda,Octavia,2004,Diesel,NL,6135 KD SITTARD,1790,EUR,https://prod.pictures.autoscout24.net/listing-images/d3adffdf-ee18-488e-8ba5-0a7eb2fe338b_b15fc045-2471-48e1-a81a-5fa4c4859282.jpg/420x315.jpg,https://www.autoscout24.com/offers/skoda-octavia-1-9-ambiente-tdi-pd-diesel-grey-d3adffdf-ee18-488e-8ba5-0a7eb2fe338b
Ford,Focus,2008,Gasoline,NL,5253 AS NIEUWKUIJK,4495,EUR,https://prod.pictures.autoscout24.net/listing-images/bbe081d8-74da-4960-b8c9-d74633bc2a92_73d190e1-cacc-4673-8331-7b139a8a19c6.jpg/420x315.jpg,https://www.autoscout24.com/offers/ford-focus-2-0-titanium-clima-elek-pakket-lmv-stoelvrm-cruise-gasoline-grey-bbe081d8-74da-4960-b8c9-d74633bc2a92
Ford,Fiesta,2015,Gasoline,ES,08227 TERRASSA,8318,EUR,https://prod.pictures.autoscout24.net/listing-images/54dd2b03-248f-420a-87c5-a6588296a5b5_1ba60cf0-7c47-4b4a-ace8-842f5e718a93.jpg/420x315.jpg,https://www.autoscout24.com/offers/ford-fiesta-1-0-ecoboost-trend-gasoline-white-54dd2b03-248f-420a-87c5-a6588296a5b5
Ford,Fiesta,2014,Gasoline,ES,08227 TERRASSA,9200,EUR,https://prod.pictures.autoscout24.net/listing-images/0f16b88f-5577-4a9a-9c8d-842ae8c5c80c_2a843a67-c548-4f82-bebe-f7346d745259.jpg/420x315.jpg,https://www.autoscout24.com/offers/ford-fiesta-1-0-ecoboost-trend-gasoline-blue-0f16b88f-5577-4a9a-9c8d-842ae8c5c80c
Ford,Kuga,2021,Gasoline,DE,96450 Coburg,22190,EUR,https://prod.pictures.autoscout24.net/listing-images/1b6c2903-062e-444b-a3a0-27e74e19ab3b_5ce8dfd4-09b9-4436-8dcc-9f1afe47fba2.jpg/420x315.jpg,https://www.autoscout24.com/offers/ford-kuga-1-5-ecoboost-trend-sportsitze-bremsass-gasoline-black-1b6c2903-062e-444b-a3a0-27e74e19ab3b
Ford,B-Max,2013,Diesel,ES,08227 TERRASSA,9500,EUR,https://prod.pictures.autoscout24.net/listing-images/5a1b8a49-186c-4696-8d5c-ea4771c151e2_559e4112-f775-4e39-b57a-31583ebaba53.jpg/420x315.jpg,https://www.autoscout24.com/offers/ford-b-max-1-6tdci-titanium-95-diesel-white-5a1b8a49-186c-4696-8d5c-ea4771c151e2
Ford,Focus,2015,Gasoline,ES,08227 TERRASSA,8691,EUR,https://prod.pictures.autoscout24.net/listing-images/bcb46f69-5a02-4d6c-94a0-d2d886be7268_2462311d-9475-4ae5-af7c-246b468bb31a.jpg/420x315.jpg,https://www.autoscout24.com/offers/ford-focus-1-6-ti-vct-trend-flotas-gasoline-silver-bcb46f69-5a02-4d6c-94a0-d2d886be7268
Ford,EcoSport,2016,Gasoline,ES,08227 TERRASSA,10747,EUR,https://prod.pictures.autoscout24.net/listing-images/f9017632-6c99-405c-b1f1-37f6d470cf9b_9d02007d-4a29-4d47-9e33-55e784196f70.jpg/420x315.jpg,https://www.autoscout24.com/offers/ford-ecosport-1-5-ti-vct-trend-gasoline-white-f9017632-6c99-405c-b1f1-37f6d470cf9b
Ford,Fiesta,2018,Gasoline,ES,08227 TERRASSA,10500,EUR,https://prod.pictures.autoscout24.net/listing-images/8896ab2a-3ac1-44de-926f-ef632ab6aed0_d28852aa-5d33-4af9-a857-19d749c9655e.jpg/420x315.jpg,https://www.autoscout24.com/offers/ford-fiesta-1-0-ecoboost-s-s-st-line-gasoline-white-8896ab2a-3ac1-44de-926f-ef632ab6aed0
Ford,Kuga,2017,Gasoline,ES,08227 TERRASSA,15841,EUR,https://prod.pictures.autoscout24.net/listing-images/6e961b9a-72bb-4baf-9a19-83d2109b428a_3fb7479d-01f8-417a-b975-7bdb3f682756.jpg/420x315.jpg,https://www.autoscout24.com/offers/ford-kuga-1-5-ecob-auto-s-s-business-4x2-150-gasoline-black-6e961b9a-72bb-4baf-9a19-83d2109b428a
Ford,Fiesta,2007,Gasoline,ES,08227 TERRASSA,1375,EUR,https://prod.pictures.autoscout24.net/listing-images/869cb1c5-e1ad-9e46-e053-0100007fe18f_c05b4ab8-7040-4af3-9bd7-d5f0cb788771.jpg/420x315.jpg,https://www.autoscout24.com/offers/ford-fiesta-1-3-8v-futura-airco-2007-gasoline-grey-869cb1c5-e1ad-9e46-e053-0100007fe18f
Ford,Fiesta,2014,Gasoline,ES,08227 TERRASSA,15900,EUR,https://prod.pictures.autoscout24.net/listing-images/77a4060f-97e7-4540-8c0b-31970a60e310_83cdb794-468c-4bce-825d-f3ac044d3a4f.jpg/420x315.jpg,https://www.autoscout24.com/offers/ford-fiesta-1-60-ecoboost-st-gasoline-blue-77a4060f-97e7-4540-8c0b-31970a60e310
Ford,Kuga,2009,Diesel,ES,08227 TERRASSA,11900,EUR,https://prod.pictures.autoscout24.net/listing-images/9f00cb1e-219c-49e4-9374-24911d604ae0_12448fce-8cde-43fe-865e-49427670802a.jpg/420x315.jpg,https://www.autoscout24.com/offers/ford-kuga-2-0tdci-titanium-4wd-diesel-black-9f00cb1e-219c-49e4-9374-24911d604ae0
Peugeot,5008,2018,Diesel,ES,02007 Albacete,22273,EUR,https://prod.pictures.autoscout24.net/listing-images/615ab214-a0cb-4d8b-9316-a84888e55f31_eed8536c-a4db-4638-bcd5-87a94c233ba7.jpg/420x315.jpg,https://www.autoscout24.com/offers/peugeot-5008-1-6bluehdi-s-s-gt-line-120-diesel-grey-615ab214-a0cb-4d8b-9316-a84888e55f31
Peugeot,308,2014,Gasoline,ES,02007 Albacete,8750,EUR,https://prod.pictures.autoscout24.net/listing-images/8b36996f-32ff-4fd0-9eaf-1b22f1b28df2_5e4c451d-000f-439b-bb5a-1c8ecb728493.jpg/420x315.jpg,https://www.autoscout24.com/offers/peugeot-308-1-2-puretech-s-s-active-110-gasoline-grey-8b36996f-32ff-4fd0-9eaf-1b22f1b28df2
Renault,Clio,2006,Gasoline,IT,10134 Torino - TO,3500,EUR,https://prod.pictures.autoscout24.net/listing-images/64cc9923-f6ed-49a3-a1b0-4924174adb33_86513bdb-faed-4f2c-8583-87ea47ae9aef.jpg/420x315.jpg,https://www.autoscout24.com/offers/renault-clio-storia-1-2-5-porte-dynamique-gasoline-grey-64cc9923-f6ed-49a3-a1b0-4924174adb33
Renault,Trafic,2017,Diesel,IT,10134 Torino - TO,15990,EUR,https://prod.pictures.autoscout24.net/listing-images/534682d7-2599-4fdf-ac08-1459e11f49dc_3e2d1a56-4027-4d31-9ad7-1c47efaad42f.jpg/420x315.jpg,https://www.autoscout24.com/offers/renault-trafic-posti-9-euro-6b-diesel-black-534682d7-2599-4fdf-ac08-1459e11f49dc
Renault,Captur, 2021,Electric/Gasoline,IT,21053 Castellanza,26800,EUR,https://prod.pictures.autoscout24.net/listing-images/018364cc-c2cd-4025-957a-756faf702a52_74537368-2476-43c0-a402-179283a187a4.jpg/420x315.jpg,https://www.autoscout24.com/offers/renault-captur-intens-plug-in-hybrid-e-tech-160-my2021-electric-gasoline-blue-018364cc-c2cd-4025-957a-756faf702a52
Renault,Captur,2020,Electric/Gasoline,IT,21053 Castellanza,26450,EUR,https://prod.pictures.autoscout24.net/listing-images/1dc0543f-4b5c-4eab-935a-ff5b48ad0fff_55463c6f-1f1c-4f13-b68e-058e3fe4ca37.jpg/420x315.jpg,https://www.autoscout24.com/offers/renault-captur-captur-1-6-plug-in-hybrid-intens-e-tech-160cv-auto-electric-gasoline-red-1dc0543f-4b5c-4eab-935a-ff5b48ad0fff
Renault,Kadjar,2019,Diesel,IT,21053 Castellanza,27900,EUR,https://prod.pictures.autoscout24.net/listing-images/4de55760-37fb-4b7d-8adb-f5362c5e00ac_85523981-7b92-45b1-a5cf-aa699a88ce47.jpg/420x315.jpg,https://www.autoscout24.com/offers/renault-kadjar-kadjar-1-7-blue-dci-black-edition-4x4-150cv-diesel-black-4de55760-37fb-4b7d-8adb-f5362c5e00ac
Renault,Clio,2020,Electric/Gasoline,IT,21053 Castellanza,20900,EUR,https://prod.pictures.autoscout24.net/listing-images/b569ed3d-67f1-4ad7-9b87-3cc345b7386a_37119b5a-27fc-4016-868d-ed83a5c7e4a8.jpg/420x315.jpg,https://www.autoscout24.com/offers/renault-clio-clio-1-6-hybrid-intens-e-tech-140cv-auto-electric-gasoline-black-b569ed3d-67f1-4ad7-9b87-3cc345b7386a
Renault,Captur,2019,Diesel,IT,21053 Castellanza,15550,EUR,https://prod.pictures.autoscout24.net/listing-images/4233aafe-93eb-48d5-9660-622a7c924d3f_f7218500-c32f-4503-9e67-ba3e035a9c88.jpg/420x315.jpg,https://www.autoscout24.com/offers/renault-captur-captur-1-5-dci-sport-edition-90cv-diesel-black-4233aafe-93eb-48d5-9660-622a7c924d3f
Renault,Captur,2020,Electric/Gasoline,IT,21053 Castellanza,26000,EUR,https://prod.pictures.autoscout24.net/listing-images/3333e1cc-28a2-4ea6-ad6a-33b20fdae5c4_e7f129d1-8658-4b2f-8166-c7ed1a8e7698.jpg/420x315.jpg,https://www.autoscout24.com/offers/renault-captur-captur-1-6-plug-in-hybrid-intens-e-tech-160cv-auto-electric-gasoline-white-3333e1cc-28a2-4ea6-ad6a-33b20fdae5c4
Renault,Clio, 2021,Electric/Gasoline,IT,21053 Castellanza,17900,EUR,https://prod.pictures.autoscout24.net/listing-images/694c1d30-1ae2-4d0a-bea5-7e8436f94f93_d60fa731-c158-4493-9e4f-3a6da71bb341.jpg/420x315.jpg,https://www.autoscout24.com/offers/renault-clio-zen-hybrid-e-tech-140-my2021-electric-gasoline-red-694c1d30-1ae2-4d0a-bea5-7e8436f94f93
Renault,Megane, 2021,Gasoline,IT,21053 Castellanza,24050,EUR,https://prod.pictures.autoscout24.net/listing-images/86d04b3c-c5ea-479f-83c8-e1febf539073_b76d4649-5750-479c-b3a9-e9adff855112.jpg/420x315.jpg,https://www.autoscout24.com/offers/renault-megane-business-tce-140-fap-gasoline-grey-86d04b3c-c5ea-479f-83c8-e1febf539073
Volkswagen,Polo,2007,Gasoline,ES,02007 Albacete,4750,EUR,https://prod.pictures.autoscout24.net/listing-images/a0ab5049-79be-44d6-a0d0-42cb6c6e6d72_d64dc689-21eb-43cc-bb6e-a63b0ec9a467.jpg/420x315.jpg,https://www.autoscout24.com/offers/volkswagen-polo-1-4-gt-80-gasoline-blue-a0ab5049-79be-44d6-a0d0-42cb6c6e6d72
Volkswagen,T-Roc,2019,Gasoline,NL,3861 MA NIJKERK,29900,EUR,https://prod.pictures.autoscout24.net/listing-images/f4d4d6f0-04ac-4105-939f-e26f20a8fe86_384622a9-2d20-46f7-84fd-f1d116534cd9.jpg/420x315.jpg,https://www.autoscout24.com/offers/volkswagen-t-roc-1-5-tsi-sport-led-navi-virtual-18-inch-lmv-gasoline-grey-f4d4d6f0-04ac-4105-939f-e26f20a8fe86
Volkswagen,Touran,2014,Diesel,ES,02007 Albacete,12250,EUR,https://prod.pictures.autoscout24.net/listing-images/fcb1eab8-7631-4825-97b8-1aaa8a89306f_269cc4a0-9ed2-431c-8f38-8f61fba7bd4c.jpg/420x315.jpg,https://www.autoscout24.com/offers/volkswagen-touran-1-6tdi-advance-bmt-105-diesel-grey-fcb1eab8-7631-4825-97b8-1aaa8a89306f
Volkswagen,Tiguan,2017,Gasoline,NL,2718 RA Zoetermeer,12500,EUR,https://prod.pictures.autoscout24.net/listing-images/80dcb7bc-dae2-4d8e-96e2-cafcae5eb3fd_0ff9afd3-2580-4134-bc87-074dee6a155d.jpg/420x315.jpg,https://www.autoscout24.com/offers/volkswagen-tiguan-2-0-tsi-4motion-bluemotion-technology-highline-gasoline-grey-80dcb7bc-dae2-4d8e-96e2-cafcae5eb3fd
Volkswagen,Polo,2017,Gasoline,ES,02007 Albacete,10250,EUR,https://prod.pictures.autoscout24.net/listing-images/23e78c44-cb09-4321-8eaf-6012320a5e5c_4937e82b-b408-4dca-89cb-e7d4eff3f29e.jpg/420x315.jpg,https://www.autoscout24.com/offers/volkswagen-polo-1-2-comfortline-business-r-nav-pdc-lmv-bluet-gasoline-grey-23e78c44-cb09-4321-8eaf-6012320a5e5c
Volkswagen,Polo,2010,Diesel,ES,02007 Albacete,4900,EUR,https://prod.pictures.autoscout24.net/listing-images/09e8b9ea-c816-4bfd-bcf1-78ce75724f5e_f2ba415a-0792-45f1-9e89-9ee5bb5c4873.jpg/420x315.jpg,https://www.autoscout24.com/offers/volkswagen-polo-1-6tdi-advance-diesel-red-09e8b9ea-c816-4bfd-bcf1-78ce75724f5e
Volkswagen,Golf,2004,Diesel,IT,37060 Trevenzuolo VR,5450,EUR,https://prod.pictures.autoscout24.net/listing-images/2f9f1f62-eeb9-4f99-8160-74ae6bb7c53d_13b967e7-dc39-4cf3-82c9-291d910037eb.jpg/420x315.jpg,https://www.autoscout24.com/offers/volkswagen-golf-2-0tdi-sportline-diesel-silver-2f9f1f62-eeb9-4f99-8160-74ae6bb7c53d
Volkswagen,Golf,2010,Diesel,ES,02007 Albacete,4990,EUR,https://prod.pictures.autoscout24.net/listing-images/c608b2c5-c4a0-df6b-e053-0100007fb941_448bd987-f815-4d57-b579-4b8de7766211.jpg/420x315.jpg,https://www.autoscout24.com/offers/volkswagen-golf-1-6-tdi-dpf-5p-trendline-diesel-black-5864d6a3-26bd-498a-aeb4-5c2bf045e142
Volkswagen,Golf,1986,Gasoline,NL,4706 LG ROOSENDAAL,750,EUR,https://prod.pictures.autoscout24.net/listing-images/7c14ec16-e59d-4072-995c-34a05326bc86_1c0a7825-0921-4784-87e2-9e6fe128ed4d.jpg/420x315.jpg,https://www.autoscout24.com/offers/volkswagen-golf-gti-1-8i-gasoline-red-c608b2c5-c4a0-df6b-e053-0100007fb941
Volkswagen,Passat,2009,Diesel,ES,02007 Albacete,2550,EUR,https://prod.pictures.autoscout24.net/listing-images/d43f9541-bebf-46a8-8210-699d8c5150e8_12d16097-1ade-43e3-8e53-b301015777e0.jpg/420x315.jpg,https://www.autoscout24.com/offers/volkswagen-passat-variant-comfortline-2-0-tdi-dpf-diesel-black-7c14ec16-e59d-4072-995c-34a05326bc86
Volkswagen,Golf,2018,Diesel,ES,02007 Albacete,18200,EUR,https://prod.pictures.autoscout24.net/listing-images/0f31ee7c-e053-4c99-b078-467d0f9baeef_dc3bd1ac-e9a3-486f-85be-6571a20c147c.jpg/420x315.jpg,https://www.autoscout24.com/offers/volkswagen-golf-1-6-tdi-join-tuev-neu-inspektion-neu-diesel-white-d43f9541-bebf-46a8-8210-699d8c5150e8
Volkswagen,Golf,2013,Diesel,ES,02007 Albacete,10500,EUR,https://prod.pictures.autoscout24.net/listing-images/624dd961-f477-4666-a05d-0801496a22fd_d82bf28d-dc3c-4f6c-97c3-ba164b8b6d28.jpg/420x315.jpg,https://www.autoscout24.com/offers/volkswagen-golf-business-1-6-tdi-dsg-5p-highline-diesel-black-0f31ee7c-e053-4c99-b078-467d0f9baeef
Volkswagen,Passat,2018,Gasoline,ES,02007 Albacete,19545,EUR,https://prod.pictures.autoscout24.net/listing-images/939ecf0b-9cf3-4cb6-a1c8-92edaa1719d6_d2f5f09c-50fb-46f5-8bba-7324ea1a8646.jpg/420x315.jpg,https://www.autoscout24.com/offers/volkswagen-passat-1-4-tsi-act-sport-110kw-gasoline-grey-624dd961-f477-4666-a05d-0801496a22fd
Volkswagen,Tiguan,2016,Gasoline,ES,02007 Albacete,22500,EUR,https://prod.pictures.autoscout24.net/listing-images/ed88d810-5637-48b4-8ca0-6c3b77668435_d6f05803-8f89-4114-8d98-badd22bf6d73.jpg/420x315.jpg,https://www.autoscout24.com/offers/volkswagen-tiguan-2-0-tsi-r-line-dsg-gasoline-white-939ecf0b-9cf3-4cb6-a1c8-92edaa1719d6
Volkswagen,Polo,2013,Gasoline,ES,08227 TERRASSA,7500,EUR,https://prod.pictures.autoscout24.net/listing-images/6a6581a9-c06e-43b3-af53-cdd890e0394e_ce59e6f2-a577-4aa3-b6e8-9ece86c547ec.jpg/420x315.jpg,https://www.autoscout24.com/offers/volkswagen-polo-1-2-black-silver-edition-gasoline-black-6a6581a9-c06e-43b3-af53-cdd890e0394e
Volkswagen,Polo,2004,Gasoline,NL,4671 HE DINTELOORD,2450,EUR,https://prod.pictures.autoscout24.net/listing-images/98d7b1c5-fd2b-eb5c-e053-0100007fff8d_f521a266-6402-4848-a645-4243ff6703fe.jpg/420x315.jpg,https://www.autoscout24.com/offers/volkswagen-polo-1-4-16v-athene-gasoline-grey-98d7b1c5-fd2b-eb5c-e053-0100007fff8d
Volkswagen,Sharan,2017,Gasoline,ES,08227 TERRASSA,15000,EUR,https://prod.pictures.autoscout24.net/listing-images/bd79c9c9-d44b-49c9-bc14-8aa45d5acb54_6dd63a4e-af76-43e6-acd0-6d4de9136b2b.jpg/420x315.jpg,https://www.autoscout24.com/offers/volkswagen-sharan-2-0-tsi-dsg-bluemotion-technology-comfortline-gasoline-black-bd79c9c9-d44b-49c9-bc14-8aa45d5acb54
Volkswagen,Tiguan,2018,Gasoline,NL,3861 MA NIJKERK,22000,EUR,https://prod.pictures.autoscout24.net/listing-images/89216eab-17ec-4a92-9419-9a2525b9b101_e841b299-a9fd-4ab9-bce4-568cc51e9f2a.jpg/420x315.jpg,https://www.autoscout24.com/offers/volkswagen-tiguan-1-4-tsi-sport-bluemotion-technolo-gasoline-white-8c49002e-c597-4425-9be0-18cf45f38878
Volkswagen,Beetle,2001,Gasoline,ES,08227 TERRASSA,3700,EUR,https://prod.pictures.autoscout24.net/listing-images/71d0b1c5-d955-ba59-e053-0100007f327e_fb4d6561-8fc2-4d81-a1b3-dc91b28cf078.jpg/420x315.jpg,https://www.autoscout24.com/offers/volkswagen-beetle-2-0-gasoline-blue-89216eab-17ec-4a92-9419-9a2525b9b101
Volkswagen,Cross,2011,Diesel,ES,08227 TERRASSA,5000,EUR,https://prod.pictures.autoscout24.net/listing-images/574eef5e-9d12-49a0-bcb6-7ca76c028172_deb14ca7-3071-4919-a966-cf3c7dcafa70.jpg/420x315.jpg,https://www.autoscout24.com/offers/volkswagen-cross-touran-2-0tdi-dsg-diesel-brown-71d0b1c5-d955-ba59-e053-0100007f327e
Volkswagen,Passat,2015,Electric/Gasoline,ES,08227 TERRASSA,18613,EUR,https://prod.pictures.autoscout24.net/listing-images/4255e2b2-dc8c-4922-a3d5-aa386cf7931c_0877860c-22b9-44a5-8490-662f15d9b1d1.jpg/420x315.jpg,https://www.autoscout24.com/offers/volkswagen-passat-variant--18-630-incl-btw-variant-1-4-tsi-phev-218pk-ds-electric-gasoline-grey-574eef5e-9d12-49a0-bcb6-7ca76c028172
Volkswagen,Polo,2018,Gasoline,ES,08227 TERRASSA,13150,EUR,https://prod.pictures.autoscout24.net/listing-images/8ec5b1c5-e2bc-a655-e053-0100007ffa79_63a142a8-f7ec-47d4-b50e-5c4db4a7490b.jpg/420x315.jpg,https://www.autoscout24.com/offers/volkswagen-polo-1-0-tsi-sport-85kw-gasoline-white-4255e2b2-dc8c-4922-a3d5-aa386cf7931c
Volkswagen,Tiguan,2009,Diesel,ES,08227 TERRASSA,8900,EUR,https://prod.pictures.autoscout24.net/listing-images/cde68f0b-4197-42b3-bf29-82b62e40f851_9f7c6c6c-5175-4cfd-8e24-8b0c880f7aee.jpg/420x315.jpg,https://www.autoscout24.com/offers/volkswagen-tiguan-2-0-tdi-cr-dpf-4motion-sport-diesel-black-8ec5b1c5-e2bc-a655-e053-0100007ffa79
Volkswagen,T-Roc,2019,Gasoline,ES,08227 TERRASSA,31800,EUR,https://prod.pictures.autoscout24.net/listing-images/11a9c661-23d2-47da-a67a-0abf3854c986_a309f936-d94e-499e-a6a0-d9b074fd0024.jpg/420x315.jpg,https://www.autoscout24.com/offers/volkswagen-t-roc-1-5-tsi-sport-dsg-aut-led-navi-virtual-acc-gasoline-grey-cde68f0b-4197-42b3-bf29-82b62e40f851
Volkswagen,Jetta,2012,Diesel,ES,08227 TERRASSA,10450,EUR,https://prod.pictures.autoscout24.net/listing-images/4d1e2007-9a2e-4802-853f-b53fb705b720_b70b0ac2-3079-4833-88aa-701b025aeb61.jpg/420x315.jpg,https://www.autoscout24.com/offers/volkswagen-jetta-1-6tdi-bmt-advance-dsg-diesel-silver-11a9c661-23d2-47da-a67a-0abf3854c986
Volkswagen,Tiguan,2010,Diesel,ES,08227 TERRASSA,10800,EUR,https://prod.pictures.autoscout24.net/listing-images/9acc03d9-5a0c-4aa9-9d17-202317c830aa_9f64c0b5-4982-4c3d-910c-97d91b61138f.jpg/420x315.jpg,https://www.autoscout24.com/offers/volkswagen-tiguan-2-0tdi-fd-advance-bmt-diesel-white-4d1e2007-9a2e-4802-853f-b53fb705b720
Volvo,XC40,2019,Gasoline,ES,02007 Albacete,25000,EUR,https://prod.pictures.autoscout24.net/listing-images/baeeaba1-0d78-4594-8986-966bffcad281_c7f780cc-4f6c-4937-83bb-8e61ecce29ef.jpg/420x315.jpg,https://www.autoscout24.com/offers/volvo-xc40-t3-momentum-gasoline-grey-baeeaba1-0d78-4594-8986-966bffcad281
Volvo,XC90,2017,Diesel,ES,02007 Albacete,16800,EUR,https://prod.pictures.autoscout24.net/listing-images/d08846f1-9a23-4e91-aefb-85ea15757027_91c50268-c4b4-4dd2-88a6-b095add07a1c.jpg/420x315.jpg,https://www.autoscout24.com/offers/volvo-xc90-d4-geartronic-rdesign-diesel-white-d08846f1-9a23-4e91-aefb-85ea15757027
Volvo,XC60,2018,Diesel,ES,02007 Albacete,34409,EUR,https://prod.pictures.autoscout24.net/listing-images/4608c550-a71f-4bb8-83d8-778ac2297d3c_f81291ee-3b28-4d43-a0f0-5c50322bf204.jpg/420x315.jpg,https://www.autoscout24.com/offers/volvo-xc60-d4-momentum-awd-aut-diesel-black-4608c550-a71f-4bb8-83d8-778ac2297d3c
Volvo,S40,2007,Diesel,ES,08227 TERRASSA,5800,EUR,https://prod.pictures.autoscout24.net/listing-images/b824129c-a8ff-4dde-a6d8-1cbe5156a236_56ea88f4-b47b-4dab-aa88-11c4ac7df843.jpg/420x315.jpg,https://www.autoscout24.com/offers/volvo-s40-2-0d-momentum-diesel-black-b824129c-a8ff-4dde-a6d8-1cbe5156a236
Volvo,S80,2007,Diesel,ES,08227 TERRASSA,3500,EUR,https://prod.pictures.autoscout24.net/listing-images/22fd3ca6-25f7-4943-b1c9-39fcb1b6742a_adc0ffc5-69b5-4a1e-8fb0-6d2b7b55f2fe.jpg/420x315.jpg,https://www.autoscout24.com/offers/volvo-s80-2-4d-momentum-diesel-brown-22fd3ca6-25f7-4943-b1c9-39fcb1b6742a
Volvo,V50,2009,Diesel,ES,08227 TERRASSA,5700,EUR,https://prod.pictures.autoscout24.net/listing-images/3bd4fe14-e430-41b0-bd74-fa608cd17dd8_70a0add9-cba6-46cd-9413-e8fdea4731da.jpg/420x315.jpg,https://www.autoscout24.com/offers/volvo-v50-1-6d-dpf-drive-start-stop-momentum-diesel-black-3bd4fe14-e430-41b0-bd74-fa608cd17dd8
Volvo,V60,2015,Diesel,AT,4600 Wels,13972,EUR,https://prod.pictures.autoscout24.net/listing-images/8f60a0b8-cd58-4ba0-a6a4-90a3a43774db_9b0f595e-4099-4673-89ff-11f2e83d4221.jpg/420x315.jpg,https://www.autoscout24.com/offers/volvo-v60-d3-momentum-aut-diesel-silver-8f60a0b8-cd58-4ba0-a6a4-90a3a43774db
Volvo,V40,2017,Gasoline,ES,08227 TERRASSA,17664,EUR,https://prod.pictures.autoscout24.net/listing-images/3ce66991-6ed0-46b1-99d6-27f1482f09c5_791d5b7b-66d4-4d71-a41b-9972a19d47c3.jpg/420x315.jpg,https://www.autoscout24.com/offers/volvo-v40-t3-momentum-gasoline-black-3ce66991-6ed0-46b1-99d6-27f1482f09c5
Volvo,XC40,2019,Gasoline,IT,36100 Vicenza,22455,EUR,https://prod.pictures.autoscout24.net/listing-images/54440d85-0195-4289-bef6-6b923c3f9d19_8a2617ed-dfe6-4d45-9412-50c25450421b.jpg/420x315.jpg,https://www.autoscout24.com/offers/volvo-xc40-t3-momentum-gasoline-white-54440d85-0195-4289-bef6-6b923c3f9d19
Volvo,XC60,2017,Diesel,ES,08227 TERRASSA,22888,EUR,https://prod.pictures.autoscout24.net/listing-images/c37d2310-b474-4eae-8a40-4978ba4d7134_2947824e-4830-4f4a-b0ea-09c1c3b27afc.jpg/420x315.jpg,https://www.autoscout24.com/offers/volvo-xc60-d4-navi-leder-shz-diesel-white-c37d2310-b474-4eae-8a40-4978ba4d7134
Volvo,XC40,2019,Gasoline,ES,08227 TERRASSA,25000,EUR,https://prod.pictures.autoscout24.net/listing-images/fa04e9bb-46c5-4c2e-8f69-5e8aee2462ca_25e0c577-c37f-4045-8870-cc63610f2e64.jpg/420x315.jpg,https://www.autoscout24.com/offers/volvo-xc40-t3-momentum-gasoline-grey-fa04e9bb-46c5-4c2e-8f69-5e8aee2462ca
Volvo,XC90,2017,Diesel,IT,15100 Spinetta Marengo - Alessandria - Al,43000,EUR,https://prod.pictures.autoscout24.net/listing-images/9572b1c5-5408-a733-e053-0100007f1d87_18dee202-de3d-4513-9cc2-92361aa6a816.jpg/420x315.jpg,https://www.autoscout24.com/offers/volvo-xc90-d4-inscription-diesel-black-9572b1c5-5408-a733-e053-0100007f1d87
Volvo,XC60,2016,Diesel,DE,23556 LÃ¼beck,24990,EUR,https://prod.pictures.autoscout24.net/listing-images/b57e51d4-253a-42ae-a3a5-e38cd921ec1b_94a9daf7-fc41-460c-b779-83755894a709.jpg/420x315.jpg,https://www.autoscout24.com/offers/volvo-xc60-2-4-d4-r-design-r-des-momentum-awd-190cv-g-tron-diesel-silver-b57e51d4-253a-42ae-a3a5-e38cd921ec1b
Volvo,XC60,2018,Diesel,ES,03006 Alicante,34409,EUR,https://prod.pictures.autoscout24.net/listing-images/d82f58de-cd8b-4f9a-98d8-b1dd4f4e6de7_e1addc59-321c-4774-9187-068a59f088c2.jpg/420x315.jpg,https://www.autoscout24.com/offers/volvo-xc60-d4-momentum-awd-aut-diesel-black-d82f58de-cd8b-4f9a-98d8-b1dd4f4e6de7
Volvo,V60,2013,Diesel,ES,03006 Alicante,7950,EUR,https://prod.pictures.autoscout24.net/listing-images/e8f3ea48-997a-4d26-8207-c30df23087f3_a52bae46-d141-4bd0-8f21-efbfff7dfc2b.jpg/420x315.jpg,https://www.autoscout24.com/offers/volvo-v60-2-0-d3-diesel-grey-e8f3ea48-997a-4d26-8207-c30df23087f3
Volvo,V40,2017,Gasoline,ES,03006 Alicante,17664,EUR,https://prod.pictures.autoscout24.net/listing-images/ef0b17bc-90f8-4724-a86d-38abfcedea31_4f859dd7-8451-4403-b219-e54e4d05a838.jpg/420x315.jpg,https://www.autoscout24.com/offers/volvo-v40-t3-momentum-gasoline-black-ef0b17bc-90f8-4724-a86d-38abfcedea31
Volvo,XC40,2019,Gasoline,NL,5171 PV KAATSHEUVEL,22455,EUR,https://prod.pictures.autoscout24.net/listing-images/46736e69-f59b-46ab-8725-958b39699180_9358a974-033d-4bf1-a426-8fb9573a3ab1.jpg/420x315.jpg,https://www.autoscout24.com/offers/volvo-xc40-t3-momentum-gasoline-white-46736e69-f59b-46ab-8725-958b39699180
Volvo,V60,2015,Electric/Diesel,ES,03006 Alicante,14750,EUR,https://prod.pictures.autoscout24.net/listing-images/28d61356-3627-43fc-8700-0cebef0d9cf6_cebf6836-891a-4401-a4cf-2c68d6f688bc.jpg/420x315.jpg,https://www.autoscout24.com/offers/volvo-v60-2-4-d6-awd-plug-in-hybrid-momentum-marge-electric-diesel-black-28d61356-3627-43fc-8700-0cebef0d9cf6
Volvo,XC90,2015,Diesel,ES,03006 Alicante,33749,EUR,https://prod.pictures.autoscout24.net/listing-images/071aec7b-9b05-4a15-84a0-8203e8aede5f_970e50d0-b5f0-458c-a6ab-8ec7ab2ea32f.jpg/420x315.jpg,https://www.autoscout24.com/offers/volvo-xc90-d5-awd-geartronic-momentum-diesel-black-071aec7b-9b05-4a15-84a0-8203e8aede5f
Volvo,XC40,2019,Gasoline,ES,03006 Alicante,25000,EUR,https://prod.pictures.autoscout24.net/listing-images/74e9c5a7-1747-4193-b73b-c5c3d11db11d_867998dd-c26e-4e4d-99dd-b255e2350acb.jpg/420x315.jpg,https://www.autoscout24.com/offers/volvo-xc40-t3-momentum-gasoline-grey-74e9c5a7-1747-4193-b73b-c5c3d11db11d
Volvo,XC60,2018,Diesel,IT,40066 Pieve Di Cento - Bologna - Bo,34409,EUR,https://prod.pictures.autoscout24.net/listing-images/de80d70b-5ddb-4cf0-bbc9-05299dd3cae4_62d4be87-715a-4824-8412-79c1d544bd8b.jpg/420x315.jpg,https://www.autoscout24.com/offers/volvo-xc60-d4-momentum-awd-aut-diesel-black-de80d70b-5ddb-4cf0-bbc9-05299dd3cae4
Volvo,S40,2007,Diesel,BE,6250 Roselies,5800,EUR,https://prod.pictures.autoscout24.net/listing-images/1a62aa31-c0fb-4f5e-86f4-0bee4fa16bd7_4e9780e9-d76c-43c3-ae58-4a54ee3fae59.jpg/420x315.jpg,https://www.autoscout24.com/offers/volvo-s40-2-0d-momentum-diesel-black-1a62aa31-c0fb-4f5e-86f4-0bee4fa16bd7
Volvo,V60,2020,Diesel,BE,6110 Montigny-le-Tilleul,33000,EUR,https://prod.pictures.autoscout24.net/listing-images/ea53992e-8db6-4b7b-b7dd-50f0ff0f6fe3_4706da51-907c-4fdb-8be4-783067a12ccf.jpg/420x315.jpg,https://www.autoscout24.com/offers/volvo-v60-d3-geartronic-business-diesel-black-ea53992e-8db6-4b7b-b7dd-50f0ff0f6fe3
Volvo,V70,2000,Gasoline,NL,9403 VE ASSEN,2300,EUR,https://prod.pictures.autoscout24.net/listing-images/b980a204-2691-4acb-b9fe-27cdc73fe1dc_6e08290c-0f33-4ab7-bd0f-02bbe3c7a6f3.jpg/420x315.jpg,https://www.autoscout24.com/offers/volvo-v70-2-4-gasoline-red-b980a204-2691-4acb-b9fe-27cdc73fe1dc
Volvo,V50,2012,Diesel,DE,73642 Welzheim,6950,EUR,https://prod.pictures.autoscout24.net/listing-images/078b780a-fec7-48d3-b2da-750df253a8c2_2d47ca65-223b-450d-8c06-0415141ae604.jpg/420x315.jpg,https://www.autoscout24.com/offers/volvo-v50-d2-r-design-diesel-white-078b780a-fec7-48d3-b2da-750df253a8c2
Volvo,S60,2015,Diesel,DE,73642 Welzheim,9900,EUR,https://prod.pictures.autoscout24.net/listing-images/b31db46b-300e-4b44-ae15-53dde6c6d68c_cf9fd39c-5461-41f1-ba4e-09464343f620.jpg/420x315.jpg,https://www.autoscout24.com/offers/volvo-s60-1-6-d2-kinetic-diesel-blue-b31db46b-300e-4b44-ae15-53dde6c6d68c
