marka,model,year,price,currency,photo_link,ad_link
Audi,Q8,2018,98900,EUR,https://prod.pictures.autoscout24.net/listing-images/524253b4-27b4-470e-84f9-cdcec346f79f_413fb638-a214-4981-b970-46bab997c87a.jpg/420x315.jpg,https://www.autoscout24.com/offers/audi-q8-55-tfsi-quattro-pro-line-plus-s-line-pano-22-acc-electric-gasoline-grey-524253b4-27b4-470e-84f9-cdcec346f79f
Audi,A3,2000,2600,EUR,https://prod.pictures.autoscout24.net/listing-images/ff8ab24c-adaa-4b9d-83c6-c4517076963d_c08c3b66-2fdd-452e-941c-52fa11e313e9.jpg/420x315.jpg,https://www.autoscout24.com/offers/audi-a3-1-6-attraction-gasoline-black-87323032-134c-40fd-a271-f21445770469
Audi,A3,2013,16999,EUR,https://prod.pictures.autoscout24.net/listing-images/caf9bf6a-425c-49a6-ad6d-232a20e9e40f_bb91fbd0-9715-4e18-9508-d62f54f050a7.jpg/420x315.jpg,https://www.autoscout24.com/offers/audi-a3-sportback-s-line-sportpaket-diesel-grey-f1fa8591-f6aa-46b3-87ce-005d00ae60fd
Audi,A3,2019,20900,EUR,https://prod.pictures.autoscout24.net/listing-images/0ff8ffb7-29ac-46c8-b130-ca0100ad2902_b63bbb07-707b-46d1-b232-4e1860339965.jpg/420x315.jpg,https://www.autoscout24.com/offers/audi-a3-spb-30-tdi-admired-virtual-cockpit-s-line-diesel-black-ff8ab24c-adaa-4b9d-83c6-c4517076963d
Audi,Q5,2018,36900,EUR,https://prod.pictures.autoscout24.net/listing-images/8b0ccaf8-8ced-46fe-ae0b-b1fcff6b3914_6010e8a3-71ea-4bb3-825d-42af41a50141.jpg/420x315.jpg,https://www.autoscout24.com/offers/audi-q5-quattro-basis-fyb-diesel-grey-caf9bf6a-425c-49a6-ad6d-232a20e9e40f
Audi,Q2,2020,27900,EUR,https://prod.pictures.autoscout24.net/listing-images/99a402b2-24b0-447b-9569-661e77cf28de_1f469184-5daf-447f-bdc8-56e1ea05fa14.jpg/420x315.jpg,https://www.autoscout24.com/offers/audi-q2-30-tdi-s-tronic-virtual-pelle-retrocamera-diesel-black-0ff8ffb7-29ac-46c8-b130-ca0100ad2902
Audi,A1,2018,17900,EUR,https://prod.pictures.autoscout24.net/listing-images/e7b857c4-0d67-1a0a-e053-0100007f2ced_be498fa3-2725-40c0-8b71-e2dcc3079e65.jpg/420x315.jpg,https://www.autoscout24.com/offers/audi-a1-1-4-tdi-sport-diesel-silver-8b0ccaf8-8ced-46fe-ae0b-b1fcff6b3914
Audi,Q5,2017,30900,EUR,https://prod.pictures.autoscout24.net/listing-images/d08e0799-5670-47c7-9943-3b1c4e9cd1cc_612a4732-e8e8-4aa8-905a-d37fa795237e.jpg/420x315.jpg,https://www.autoscout24.com/offers/audi-q5-2-0-tdi-190-cv-quattro-s-tronic-business-diesel-white-99a402b2-24b0-447b-9569-661e77cf28de
Audi,A1,2013,10699,EUR,https://prod.pictures.autoscout24.net/listing-images/faf23ab5-7b54-4082-a042-9ec9c829ec52_aa570339-6c38-44ac-abb1-589f8a964a13.jpg/420x315.jpg,https://www.autoscout24.com/offers/audi-a1-1-4-tfsi-pro-line-s-gasoline-red-e7b857c4-0d67-1a0a-e053-0100007f2ced
Audi,A3,2018,19500,EUR,https://prod.pictures.autoscout24.net/listing-images/0d8685eb-4547-4388-a544-84d135f65dfc_87454552-bd87-40d3-b790-8fa765fb670b.jpg/420x315.jpg,https://www.autoscout24.com/offers/audi-a3-1-0-tfsi-gasoline-grey-d08e0799-5670-47c7-9943-3b1c4e9cd1cc
Audi,e-tron,2019,70200,EUR,https://prod.pictures.autoscout24.net/listing-images/8fb157c4-1bfa-4f08-e053-0100007fb67f_fc172f9c-997a-4aef-80e1-bd356655c643.jpg/420x315.jpg,https://www.autoscout24.com/offers/audi-e-tron-55-quattro-advanced-pro-line-s-ex-btw-4-s-spor-electric-white-faf23ab5-7b54-4082-a042-9ec9c829ec52
Audi,A4,2016,25950,EUR,https://prod.pictures.autoscout24.net/listing-images/db589384-dbe6-4e57-8fb5-afd04484e00d_5126842c-937b-43c9-9a67-9cfca556191d.jpg/420x315.jpg,https://www.autoscout24.com/offers/audi-a4-avant-3-0-tdi-quattro-s-tronic-sport-panorama-diesel-grey-0d8685eb-4547-4388-a544-84d135f65dfc
Audi,A4,2001,1600,EUR,https://prod.pictures.autoscout24.net/listing-images/57a0153a-8024-4138-a0f9-fe247eb57cd0_8a2cf1a3-d655-4000-8b30-10501aa8e148.jpg/420x315.jpg,https://www.autoscout24.com/offers/audi-a4-1-6-diesel-grey-8fb157c4-1bfa-4f08-e053-0100007fb67f
Audi,A7,2018,52899,EUR,https://prod.pictures.autoscout24.net/listing-images/062f3023-9257-473e-9f12-4001baab32f4_d2008e53-1ee8-4d60-935b-93a2d0bef697.jpg/420x315.jpg,https://www.autoscout24.com/offers/audi-a7-50-sportback-3-0-tdi-quattro-s-line-tiptronic-kli-diesel-white-db589384-dbe6-4e57-8fb5-afd04484e00d
Audi,A6,2017,30890,EUR,https://prod.pictures.autoscout24.net/listing-images/bab56499-de39-4223-ad56-fece608931c4_daa5a47b-713e-4ab1-bc86-6d71c0d59b18.jpg/420x315.jpg,https://www.autoscout24.com/offers/audi-a6-3-0-tdi-quattro-avant-3-x-s-line-diesel-white-57a0153a-8024-4138-a0f9-fe247eb57cd0
Audi,A4,2003,3699,EUR,https://prod.pictures.autoscout24.net/listing-images/dfe4bdde-b38d-41ce-8332-f5d83a3579f3_cf987f2c-2371-4207-806b-740736e4fd29.jpg/420x315.jpg,https://www.autoscout24.com/offers/audi-a4-1-8-t-tuev-klappe-usw-gasoline-blue-062f3023-9257-473e-9f12-4001baab32f4
Audi,A6,2018,34500,EUR,https://prod.pictures.autoscout24.net/listing-images/52acc6b8-66c1-4b00-8411-427e11e0e491_2bc5b655-0ce7-4570-a768-076c30e2740a.jpg/420x315.jpg,https://www.autoscout24.com/offers/audi-a6-avant-3-0-tdi-diesel-s-tronic-s-line-diesel-white-bab56499-de39-4223-ad56-fece608931c4
Audi,A4,2021,50805,EUR,https://prod.pictures.autoscout24.net/listing-images/f254b6e2-b166-423c-be52-0e553b660148_1772c429-1d4a-4001-ac2a-33a6e2db2ab0.jpg/420x315.jpg,https://www.autoscout24.com/offers/audi-a4-s-edition-competition-35-tfsi-150pk-s-tronic-achte-gasoline-grey-dfe4bdde-b38d-41ce-8332-f5d83a3579f3
Audi,A3,2016,15949,EUR,https://prod.pictures.autoscout24.net/listing-images/59f376e8-244f-4ac7-b53e-401b83ecbc1b_6ac8e3f4-2134-45be-a403-c6aa30a20c5a.jpg/420x315.jpg,https://www.autoscout24.com/offers/audi-a3-limousine-2-0-tdi-150pk-h6-2x-s-line-xenon-navigat-diesel-grey-59f376e8-244f-4ac7-b53e-401b83ecbc1b
Audi,A5,2021,62728,EUR,https://prod.pictures.autoscout24.net/listing-images/ba174d8e-2f32-4d8a-a277-f890595f01ba_6f32a45d-d1c4-4638-b69b-fca583d7d010.jpg/420x315.jpg,https://www.autoscout24.com/offers/audi-a5-sportback-s-edition-competition-40-tfsi-204pk-s-tr-gasoline-black-ba174d8e-2f32-4d8a-a277-f890595f01ba
Audi,A4,2020,36945,EUR,https://prod.pictures.autoscout24.net/listing-images/54ff7392-d17f-4a5b-9910-aaecda079e72_4979a041-6bf7-48ce-aca3-a58ce2198534.jpg/420x315.jpg,https://www.autoscout24.com/offers/audi-a4-35-tfsi-launch-edition-sport-virtual-cockpit-l-gasoline-grey-54ff7392-d17f-4a5b-9910-aaecda079e72
Audi,A6, 2021,75990,EUR,https://prod.pictures.autoscout24.net/listing-images/db4394b7-a2e9-4724-9cf4-233c2ced4cd7_c8d267dc-a109-44b2-97ed-4d5fd6c1d70a.jpg/420x315.jpg,https://www.autoscout24.com/offers/audi-a6-avant-50-tfsi-e-quattro-sport-leder-matrix-electric-gasoline-black-db4394b7-a2e9-4724-9cf4-233c2ced4cd7
Audi,A4,2013,15500,EUR,https://prod.pictures.autoscout24.net/listing-images/da4ceb88-7fed-4fe8-a577-4f5f0c50d139_c5c97abb-db71-438a-ac92-e8e72f875cca.jpg/420x315.jpg,https://www.autoscout24.com/offers/audi-a4-allroad-a4-allroad-2-0-tdi-177-cv-s-tronic-advanced-diesel-black-da4ceb88-7fed-4fe8-a577-4f5f0c50d139
Audi,A4,2016,16900,EUR,https://prod.pictures.autoscout24.net/listing-images/73b6dde3-7262-4c01-8f89-e65719f664df_cb61cb1a-b8bd-4433-a845-a46a8d19d117.jpg/420x315.jpg,https://www.autoscout24.com/offers/audi-a4-basis-avant-8w5-diesel-white-73b6dde3-7262-4c01-8f89-e65719f664df
Audi,A3,2018,17990,EUR,https://prod.pictures.autoscout24.net/listing-images/b5f501c0-7be3-4a23-a29e-1575c6d4537b_f1ca200c-ee86-440e-b3f9-52852a5fb7ef.jpg/420x315.jpg,https://www.autoscout24.com/offers/audi-a3-sportback-1-6-tdi-sport-s-tronic-cod-navi-klima-diesel-black-b5f501c0-7be3-4a23-a29e-1575c6d4537b
Audi,A3,2016,16949,EUR,https://prod.pictures.autoscout24.net/listing-images/4c8cf0eb-ab83-43ab-9d12-21c1f6305271_23e46148-5950-4016-b45f-adb80e847001.jpg/420x315.jpg,https://www.autoscout24.com/offers/audi-a3-sportback-1-2-tfsi-110pk-h6-s-line-adrenalin-xenon-gasoline-grey-4c8cf0eb-ab83-43ab-9d12-21c1f6305271
Audi,A1,2011,7949,EUR,https://prod.pictures.autoscout24.net/listing-images/bc59dcec-0588-4239-82e5-fb7ecc372c28_c53b7b3f-e28d-4642-b9cc-82c6c7fa1c4a.jpg/420x315.jpg,https://www.autoscout24.com/offers/audi-a1-1-2-tfsi-86pk-ambition-pro-line-business-airco-nav-gasoline-black-bc59dcec-0588-4239-82e5-fb7ecc372c28
Audi,A3,2004,1500,EUR,https://prod.pictures.autoscout24.net/listing-images/cbab6fc3-a17d-4736-8353-b8a88dfa7b37_bfbb5f6c-165a-467f-9bb5-2bc7cda11e71.jpg/420x315.jpg,https://www.autoscout24.com/offers/audi-a3-2-0-tdi-16v-ambiente-diesel-grey-c2a157c4-b19e-7601-e053-0100007f877f
Audi,A3,2018,20900,EUR,https://prod.pictures.autoscout24.net/listing-images/ffdb06f0-f0b0-49c9-8cfa-1b50c781ca00_2e752f96-b474-4e75-a3dc-dc2933613247.jpg/420x315.jpg,https://www.autoscout24.com/offers/audi-a3-spb-2-0-tdi-s-tronic-business-car-play-pdc-bt-led-diesel-grey-cbab6fc3-a17d-4736-8353-b8a88dfa7b37
Audi,A3,2014,13999,EUR,https://prod.pictures.autoscout24.net/listing-images/f25afac1-e927-47f4-8910-e8ad3629dbe5_6052d47a-d21d-42d8-a5b3-881fe95f51b7.jpg/420x315.jpg,https://www.autoscout24.com/offers/audi-a3-1-4tfsi-s-tronic-sportb-xen-navi-temp-pdc-shz-gasoline-silver-ffdb06f0-f0b0-49c9-8cfa-1b50c781ca00
Audi,Q8,2018,75900,EUR,https://prod.pictures.autoscout24.net/listing-images/4d321454-0b9a-4291-828b-f92f6ca359b8_e7c50552-66b6-454e-8428-7d39c1d44e4d.jpg/420x315.jpg,https://www.autoscout24.com/offers/audi-q8-50-tdi-286-tiptronic-8-quattro-s-line-diesel-black-f25afac1-e927-47f4-8910-e8ad3629dbe5
Audi,A4,2020,36945,EUR,https://prod.pictures.autoscout24.net/listing-images/e4489a59-b94d-4ff0-8645-2712523675f2_50e6c831-df75-420f-9811-f2ee7eb6ee80.jpg/420x315.jpg,https://www.autoscout24.com/offers/audi-a4-35-tfsi-launch-edition-sport-virtual-cockpit-l-electric-gasoline-grey-4d321454-0b9a-4291-828b-f92f6ca359b8
Audi,RS4,2018,68820,EUR,https://prod.pictures.autoscout24.net/listing-images/72b761da-bc9c-4151-b860-0764f38eb301_53654604-08c5-4143-93ce-90be87857fa3.jpg/420x315.jpg,https://www.autoscout24.com/offers/audi-rs4-rs-4-avant-2-9-tfsi-quattro-tiptronic-optikpaket-gasoline-grey-62cbaceb-69c4-41fd-9c2c-bb572fa102b0
Audi,Q3,2019,41820,EUR,https://prod.pictures.autoscout24.net/listing-images/51dda947-7894-454d-85fa-d35003453a0e_2d62a4dc-04a0-4c99-a203-9860e3f9f72e.jpg/420x315.jpg,https://www.autoscout24.com/offers/audi-q3-40-tdi-quattro-s-tronic-advanced-verkz-diesel-white-71b41d98-240b-46a3-b6c3-434048baeca1
Audi,Q3,2019,41820,EUR,https://prod.pictures.autoscout24.net/listing-images/18268a68-ccd3-4202-8f52-edfa4c40994d_1737db0d-b699-49bd-8a51-d2d9cd31080f.jpg/420x315.jpg,https://www.autoscout24.com/offers/audi-q3-40-tdi-quattro-s-tronic-advanced-verkz-diesel-white-997601e4-37a7-498c-a3f8-a3907e9a3cfc
Audi,A6,2020,79900,EUR,https://prod.pictures.autoscout24.net/listing-images/c07094ea-c3c8-46a5-83a4-191d8314c30e_30031f24-dbba-4f3c-9fd4-735e620f7b46.jpg/420x315.jpg,https://www.autoscout24.com/offers/audi-a6-allroad-50-3-0-tdi-quat-tip-sport-list-117-051--electric-diesel-grey-2c4a93a1-0c09-4ec1-aa0f-0aff40f67013
Audi,S7,2012,19999,EUR,https://prod.pictures.autoscout24.net/listing-images/ae136471-7ecd-467b-b844-053b01e87df2_64b6b802-c227-407a-85b2-0758d9f8ec1c.jpg/420x315.jpg,https://www.autoscout24.com/offers/audi-s7-grundausstattung-gasoline-black-72b761da-bc9c-4151-b860-0764f38eb301
Audi,A4,2018,26949,EUR,https://prod.pictures.autoscout24.net/listing-images/20d843f3-bfd4-4b71-ac70-ffa217b5ba46_0e490172-c464-4ce9-89f4-a1d1ed5ede2c.jpg/420x315.jpg,https://www.autoscout24.com/offers/audi-a4-1-4-tfsi-150pk-2x-s-line-black-edition-navigatie-l-gasoline-grey-51dda947-7894-454d-85fa-d35003453a0e
Audi,A3,2003,2500,EUR,https://prod.pictures.autoscout24.net/listing-images/c8677786-d94f-4c69-9a65-7635569d2b35_0ebcffd5-53f1-4a3c-acad-5082ab18a4b0.jpg/420x315.jpg,https://www.autoscout24.com/offers/audi-a3-2-0-fsi-ambition-gasoline-black-959ba5c9-c88c-4175-95f1-b8ee6993d027
Audi,A1,2018,18490,EUR,https://prod.pictures.autoscout24.net/listing-images/fe5cf886-cb2e-4b7f-a414-530f55934139_516a616c-7710-416d-87f1-c6c5edceab78.jpg/420x315.jpg,https://www.autoscout24.com/offers/audi-a1-sportback-1-4-tfsi-sport-klima-s-line-xenon-gasoline-white-18268a68-ccd3-4202-8f52-edfa4c40994d
Audi,Q5,2018,47890,EUR,https://prod.pictures.autoscout24.net/listing-images/d8da560d-5083-4f43-9668-f907159700b9_e8ff6344-86df-4e16-9caf-a4538f923a4a.jpg/420x315.jpg,https://www.autoscout24.com/offers/audi-q5-3-0-tdi-sport-s-line-matrix-luft-diesel-grey-c07094ea-c3c8-46a5-83a4-191d8314c30e
Audi,A4,2019,39870,EUR,https://prod.pictures.autoscout24.net/listing-images/a4973682-58bf-4111-ba39-d069357f8cfc_5499fb99-d7e2-48dd-a505-4bb56becc733.jpg/420x315.jpg,https://www.autoscout24.com/offers/audi-a4-avant-40-tdi-sport-s-line-matrix-pano-optik-schw-diesel-white-ae136471-7ecd-467b-b844-053b01e87df2
BMW,118,2007,6900,EUR,https://prod.pictures.autoscout24.net/listing-images/20dbec0f-0ae8-49b6-921e-c1fc2bc5643f_b796c015-6aba-4b9c-bd6a-ab5defe2133d.jpg/420x315.jpg,https://www.autoscout24.com/offers/bmw-118-baureihe-1-lim-118i-tuev-und-au-neu-gasoline-grey-20dbec0f-0ae8-49b6-921e-c1fc2bc5643f
BMW,X1,2019,34650,EUR,https://prod.pictures.autoscout24.net/listing-images/5dcec17d-623d-4b55-93e1-67efd55aad98_1c2b8e3b-12eb-4d31-b825-bbe3a3a04edd.jpg/420x315.jpg,https://www.autoscout24.com/offers/bmw-x1-sdrive18i-high-executive-x-line-gasoline-grey-5dcec17d-623d-4b55-93e1-67efd55aad98
BMW,116,2016,13900,EUR,https://prod.pictures.autoscout24.net/listing-images/e912ce9b-701c-419a-9ad1-c182fa6f1ce7_f4c65ee2-2c9e-49bd-aec3-0a86b5ce651b.jpg/420x315.jpg,https://www.autoscout24.com/offers/bmw-116-serie-1-116d-business-1-5-116cv-5-porte-diesel-grey-e912ce9b-701c-419a-9ad1-c182fa6f1ce7
BMW,X1,2018,20900,EUR,https://prod.pictures.autoscout24.net/listing-images/6e13a3b6-ded9-4f56-9a46-919cb5db59ef_8c61ba3a-f2a3-4bd2-a749-bca2db8e2f33.jpg/420x315.jpg,https://www.autoscout24.com/offers/bmw-x1-16d-sdrive-business-1-5-diesel-116cv-diesel-white-6e13a3b6-ded9-4f56-9a46-919cb5db59ef
BMW,X5,2017,37500,EUR,https://prod.pictures.autoscout24.net/listing-images/ecb658fd-fdd3-49be-90bc-27fc1415e69b_2dbdccc0-b9f2-4ac8-80ca-90f7cb60858a.jpg/420x315.jpg,https://www.autoscout24.com/offers/bmw-x5-xdrive40e-plug-in-hybrid-m-pakket-hk-camera-dab-electric-gasoline-grey-ecb658fd-fdd3-49be-90bc-27fc1415e69b
BMW,216,2017,16990,EUR,https://prod.pictures.autoscout24.net/listing-images/d51fdf4e-76fb-4934-a076-a3faf38ba99e_7992a772-14e3-425a-b3de-a03440cd7532.jpg/420x315.jpg,https://www.autoscout24.com/offers/bmw-216-216d-advantage-1-5-diesel-116cv-diesel-black-d51fdf4e-76fb-4934-a076-a3faf38ba99e
BMW,M3,2018,59880,EUR,https://prod.pictures.autoscout24.net/listing-images/7b529da1-199b-4ee5-9c06-6eef9a9678c3_2ebf0d28-0be8-4811-b333-a62227b88a91.jpg/420x315.jpg,https://www.autoscout24.com/offers/bmw-m3-limousine-m-dkg-head-up-kamera-led-dab-gasoline-blue-7b529da1-199b-4ee5-9c06-6eef9a9678c3
BMW,118,2016,13990,EUR,https://prod.pictures.autoscout24.net/listing-images/1b09fb19-cba2-4a59-bb26-1f2bd6f2a27e_5c341b6e-be24-408a-88b8-c1ffd3b73aeb.jpg/420x315.jpg,https://www.autoscout24.com/offers/bmw-118-d-150-diesel-black-1b09fb19-cba2-4a59-bb26-1f2bd6f2a27e
BMW,X1,2017,17500,EUR,https://prod.pictures.autoscout24.net/listing-images/75fbee68-3eaa-452c-900e-ff2e94ee5448_8f8ae721-83e5-4fa5-bc3e-0212493c8375.jpg/420x315.jpg,https://www.autoscout24.com/offers/bmw-x1-sdrive-d-full-led-navi-sensori-diesel-white-75fbee68-3eaa-452c-900e-ff2e94ee5448
BMW,118,2020,30300,EUR,https://prod.pictures.autoscout24.net/listing-images/37b3682c-dd76-4c48-9e65-3415e885b123_23f59ad4-db5d-424e-a93f-6321eb813ad4.jpg/420x315.jpg,https://www.autoscout24.com/offers/bmw-118-118i-5p-gasoline-grey-37b3682c-dd76-4c48-9e65-3415e885b123
BMW,X1,2020,44400,EUR,https://prod.pictures.autoscout24.net/listing-images/ca33336c-3195-4592-99ba-3a3cdce2aa9c_6582a9fb-2590-4fb7-92e6-fc1b1a82b491.jpg/420x315.jpg,https://www.autoscout24.com/offers/bmw-x1-xdrive25e-advantage-electric-gasoline-black-ca33336c-3195-4592-99ba-3a3cdce2aa9c
BMW,X1,2018,20900,EUR,https://prod.pictures.autoscout24.net/listing-images/39844f62-44e5-4605-bb98-8de67af14c0e_c21e6343-41c3-422f-bbbd-60883d791d19.jpg/420x315.jpg,https://www.autoscout24.com/offers/bmw-x1-16d-sdrive-business-1-5-diesel-116cv-diesel-white-39844f62-44e5-4605-bb98-8de67af14c0e
BMW,116,2008,6900,EUR,https://prod.pictures.autoscout24.net/listing-images/55d38a25-60c8-4652-b65f-0c296e93af88_8b280c5e-4933-4dcf-99bc-1190df78a2c9.jpg/420x315.jpg,https://www.autoscout24.com/offers/bmw-116-e87-1-6-i-business-line-gasoline-black-55d38a25-60c8-4652-b65f-0c296e93af88
BMW,216,2017,16990,EUR,https://prod.pictures.autoscout24.net/listing-images/66805da3-8c55-47ce-a2fb-8baffd7ed21e_e5b29391-358a-4943-ae08-520ba5113265.jpg/420x315.jpg,https://www.autoscout24.com/offers/bmw-216-216d-advantage-1-5-diesel-116cv-diesel-black-66805da3-8c55-47ce-a2fb-8baffd7ed21e
BMW,530,2020,55750,EUR,https://prod.pictures.autoscout24.net/listing-images/ab861d39-1fa4-4ad7-9aca-0e546f93266d_fc21f9c9-1de1-4e51-890a-b59fc3845110.jpg/420x315.jpg,https://www.autoscout24.com/offers/bmw-530-tv-functie-m-pack-lazer-electric-gasoline-black-ab861d39-1fa4-4ad7-9aca-0e546f93266d
BMW,520,2015,18950,EUR,https://prod.pictures.autoscout24.net/listing-images/66f308bb-e546-467a-b84c-09592214a257_875eef1c-6966-4a7f-be9b-e8e46762066a.jpg/420x315.jpg,https://www.autoscout24.com/offers/bmw-520-520d-individual-edition-automaat-diesel-black-66f308bb-e546-467a-b84c-09592214a257
BMW,520,2013,11900,EUR,https://prod.pictures.autoscout24.net/listing-images/0990c649-1737-4ae8-91f7-e5ac2d05a5bd_b1dd21dc-97fd-49d2-8b06-e4a88d1e4ee3.jpg/420x315.jpg,https://www.autoscout24.com/offers/bmw-520-serie-5-f10-f11-xdrive-touring-luxury-diesel-black-0990c649-1737-4ae8-91f7-e5ac2d05a5bd
BMW,540,2018,45890,EUR,https://prod.pictures.autoscout24.net/listing-images/8b451cba-d47b-4846-880f-0bd46ff6c26e_11ba8625-9676-4a0a-b563-655687ab7824.jpg/420x315.jpg,https://www.autoscout24.com/offers/bmw-540-d-xdrive-m-sport-tour-head-up-gsd-komforts-diesel-black-8b451cba-d47b-4846-880f-0bd46ff6c26e
BMW,118,2015,19000,EUR,https://prod.pictures.autoscout24.net/listing-images/c0c8c5d7-e42b-4678-9d36-5487fcb566f9_8769c479-412b-4a17-b14f-e3374b264ae1.jpg/420x315.jpg,https://www.autoscout24.com/offers/bmw-118-118i-5p-msport-gasoline-black-c0c8c5d7-e42b-4678-9d36-5487fcb566f9
BMW,X3,2019,43900,EUR,https://prod.pictures.autoscout24.net/listing-images/1b412d5c-bfcf-49af-a93f-3c8e43be1956_a81a1d04-d00b-4cc9-87f5-3b199a2a8965.jpg/420x315.jpg,https://www.autoscout24.com/offers/bmw-x3-xdrive-30-d-m-sport-19-lmr-park-assis-naviprof-diesel-grey-1b412d5c-bfcf-49af-a93f-3c8e43be1956
BMW,125,2017,27000,EUR,https://prod.pictures.autoscout24.net/listing-images/efdcbf25-2098-4f56-b531-73bc437ca341_e5006457-94a1-49c8-bf55-50a797c4a98d.jpg/420x315.jpg,https://www.autoscout24.com/offers/bmw-125-125d-5p-msport-diesel-white-efdcbf25-2098-4f56-b531-73bc437ca341
BMW,X1,2020,29790,EUR,https://prod.pictures.autoscout24.net/listing-images/d3b4868e-0a11-43e0-8db2-cbe4e02290fe_33e6ccb8-c0ae-43fb-bcbc-9ccb18cfa3fd.jpg/420x315.jpg,https://www.autoscout24.com/offers/bmw-x1-18d-sdrive-2-0-diesel-150cv-diesel-white-d3b4868e-0a11-43e0-8db2-cbe4e02290fe
BMW,530,2019,47950,EUR,https://prod.pictures.autoscout24.net/listing-images/cbee254a-2d5e-4768-a620-05ea38f6adce_e31d2498-6642-441f-bc92-b691c8ca1327.jpg/420x315.jpg,https://www.autoscout24.com/offers/bmw-530-d-xdrive-m-sport-lim-b-w-dab-komfortsitz-standhz-diesel-black-cbee254a-2d5e-4768-a620-05ea38f6adce
BMW,320,2020,91990,EUR,https://prod.pictures.autoscout24.net/listing-images/6d2f6733-bcd9-4492-9593-647aea7901f2_edb4f261-7685-4040-994b-aca2d08a3b16.jpg/420x315.jpg,https://www.autoscout24.com/offers/bmw-x7-xdrive40i-m-sport-ahk-standhzg-hud-tv-gasoline-black-6d2f6733-bcd9-4492-9593-647aea7901f2
BMW,318,2014,10500,EUR,https://prod.pictures.autoscout24.net/listing-images/0f353e83-339b-45e8-bf48-45ad3ec0c8db_de656af0-9aa1-402a-b218-8c0ee206780e.jpg/420x315.jpg,https://www.autoscout24.com/offers/bmw-320-3er-touring-aut-modern-line-diesel-blue-0f353e83-339b-45e8-bf48-45ad3ec0c8db
BMW,i3,2014,14190,EUR,https://prod.pictures.autoscout24.net/listing-images/56de783b-c2ea-4e0d-97c4-7a77a032b737_81c296db-9b64-4901-9004-70a649ddec23.jpg/420x315.jpg,https://www.autoscout24.com/offers/bmw-318-318d-diesel-white-56de783b-c2ea-4e0d-97c4-7a77a032b737
BMW,X1,2018,16900,EUR,https://prod.pictures.autoscout24.net/listing-images/3fe826c7-453b-4554-aa24-0672581175fe_c4409701-9d32-416c-aa0d-d365d33e4cb0.jpg/420x315.jpg,https://www.autoscout24.com/offers/bmw-i3-20-450-incl-btw-basis-iperformance-94ah-33-electric-white-3fe826c7-453b-4554-aa24-0672581175fe
BMW,320,2020,44600,EUR,https://prod.pictures.autoscout24.net/listing-images/05e856cb-8b30-4dca-9f6c-a79ed32415b9_f501177b-ffff-4236-a0a4-14e8aa6f39b4.jpg/420x315.jpg,https://www.autoscout24.com/offers/bmw-x1-xdrive25e-xline-electric-gasoline-black-05e856cb-8b30-4dca-9f6c-a79ed32415b9
BMW,325,2018,14990,EUR,https://prod.pictures.autoscout24.net/listing-images/fb6da8fd-63b5-4f83-ab06-4458cdbee5bf_e225ed14-fcff-4e81-86e3-ad63fef9bf39.jpg/420x315.jpg,https://www.autoscout24.com/offers/bmw-320-d-touring-aut-ahk-sportsitz-navi-led-sitzheiz-diesel-black-fb6da8fd-63b5-4f83-ab06-4458cdbee5bf
BMW,420,2004,9990,EUR,https://prod.pictures.autoscout24.net/listing-images/cbad159d-987d-4da7-b0a6-6b200164e2b4_f3840aec-5924-4a6c-a6d5-5be1675cf9b7.jpg/420x315.jpg,https://www.autoscout24.com/offers/bmw-325-ci-coupe-aut-xenon-leder-17-alu-sitzheiz-pdc-gasoline-silver-cbad159d-987d-4da7-b0a6-6b200164e2b4
BMW,320,2015,21750,EUR,https://prod.pictures.autoscout24.net/listing-images/b58ab23b-104a-478e-8492-0ec951c0d750_f6c01769-cf63-4a0b-a654-560a8e04f0a1.jpg/420x315.jpg,https://www.autoscout24.com/offers/bmw-420-d-gran-coupe-msport-diesel-white-b58ab23b-104a-478e-8492-0ec951c0d750
BMW,320,2015,25880,EUR,https://prod.pictures.autoscout24.net/listing-images/c65c1b87-ae3c-48bf-99ab-3bc9ae9f774b_c8a4f269-546b-4239-9cfb-6cee2bab25d9.jpg/420x315.jpg,https://www.autoscout24.com/offers/bmw-320-touring-320i-m-sport-edition-gasoline-blue-c65c1b87-ae3c-48bf-99ab-3bc9ae9f774b
BMW,320,2018,19999,EUR,https://prod.pictures.autoscout24.net/listing-images/887957c4-82fa-d671-e053-0100007f8fce_a6c4c75a-9d02-40b7-afcd-0e75415c5c75.jpg/420x315.jpg,https://www.autoscout24.com/offers/bmw-320-d-touring-navi-led-schein-sehr-gepflegt-diesel-white-10448aa4-b342-4df3-8f57-8a8838494abe
Toyota,Yaris,2000,1750,EUR,https://prod.pictures.autoscout24.net/listing-images/8447ca8b-8ba4-4160-af8c-2a7b0514adb0_b882f863-7451-40bc-9e05-ab687462346d.jpg/420x315.jpg,https://www.autoscout24.com/offers/toyota-yaris-1-0-linea-terra-ncp1-nlp1-scp1-gasoline-blue-8447ca8b-8ba4-4160-af8c-2a7b0514adb0
Toyota,Corolla,1997,1300,EUR,https://prod.pictures.autoscout24.net/listing-images/68a3c806-558e-4d5e-87c7-2f068ab7068c_b5ba57ad-9f49-41ed-864c-2ba416aaf796.jpg/420x315.jpg,https://www.autoscout24.com/offers/toyota-corolla-1-4-xli-gasoline-green-f8698b91-bfc8-4af9-a54a-edecad485f9d
Toyota,Auris,2007,3750,EUR,https://prod.pictures.autoscout24.net/listing-images/2dda97cc-66f0-491b-a1a4-b486edc522a2_8b687e04-3758-4a71-a226-60348cf36198.jpg/420x315.jpg,https://www.autoscout24.com/offers/toyota-auris-2-0-d-4d-sol-business-5drs-clima-cruisecontrol-t-diesel-blue-68a3c806-558e-4d5e-87c7-2f068ab7068c
Toyota,RAV,2007,7500,EUR,https://prod.pictures.autoscout24.net/listing-images/01735291-56cc-4033-8dab-b35e34271ae8_44aa0a31-ef5f-45a9-a7fc-f4b91d0ce8bb.jpg/420x315.jpg,https://www.autoscout24.com/offers/toyota-rav-4-2-0i-vvt-i-16v-vip-79000-km-gasoline-grey-2dda97cc-66f0-491b-a1a4-b486edc522a2
Toyota,Aygo,2017,10900,EUR,https://prod.pictures.autoscout24.net/listing-images/65e6a8e3-2c56-4558-a022-62f1adf390b9_88aadbfd-ab33-4025-8892-790d641b1c5c.jpg/420x315.jpg,https://www.autoscout24.com/offers/toyota-aygo-1-0-vvt-i-x-play-automaat-airconditioning-gasoline-red-01735291-56cc-4033-8dab-b35e34271ae8
Toyota,Corolla,2019,20690,EUR,https://prod.pictures.autoscout24.net/listing-images/7adbe0a6-ed6d-48e6-bcc4-3cc4172f5740_23376107-062a-40e0-96be-080c9b4d9fea.jpg/420x315.jpg,https://www.autoscout24.com/offers/toyota-corolla-hybrid-style-1-8-ibrido-benzina-122cv-silver-65e6a8e3-2c56-4558-a022-62f1adf390b9
Toyota,Land,2005,13900,EUR,https://prod.pictures.autoscout24.net/listing-images/dc14d720-fdd3-4717-963f-942c03f87206_9ee7b566-a46c-4d09-b4c7-01fe0be440cd.jpg/420x315.jpg,https://www.autoscout24.com/offers/toyota-land-cruiser-3-0-turbo-d4d-vip-8pl-diesel-beige-9b40b994-ed3b-4e5b-b919-62764fc98df1
Toyota,RAV,2017,29950,EUR,https://prod.pictures.autoscout24.net/listing-images/92bc42be-cfa2-484e-90d6-86074d1854c9_44a29d82-7508-4832-9ae5-b5c472379c41.jpg/420x315.jpg,https://www.autoscout24.com/offers/toyota-rav-4-2-5-hybrid-awd-style-electric-gasoline-grey-7adbe0a6-ed6d-48e6-bcc4-3cc4172f5740
Toyota,C-HR,2018,178000,EUR,https://prod.pictures.autoscout24.net/listing-images/8a13f185-a114-4e92-8351-196f38078d90_0b5982de-3d50-434e-8845-9f1b3427d3ae.jpg/420x315.jpg,https://www.autoscout24.com/offers/toyota-c-hr-1-8-hybrid-e-cvt-business-electric-gasoline-grey-dc14d720-fdd3-4717-963f-942c03f87206
Toyota,Corolla, 2021,29790,EUR,https://prod.pictures.autoscout24.net/listing-images/8ea357c4-fa43-7d01-e053-0100007f99c9_577a670e-80ab-4465-8af4-45842120060a.jpg/420x315.jpg,https://www.autoscout24.com/offers/toyota-corolla-corolla-2-0-hybrid-ts-team-d-technik-paket-electric-gasoline-red-92bc42be-cfa2-484e-90d6-86074d1854c9
Toyota,Aygo,2012,4400,EUR,https://prod.pictures.autoscout24.net/listing-images/9ed6421b-6fdf-49d0-93a0-72be0d73faef_4da55f88-a8b1-459d-967b-8eebea5ca8c8.jpg/420x315.jpg,https://www.autoscout24.com/offers/toyota-aygo-1-0-12v-vvt-i-3-porte-sol-connect-gasoline-red-8a13f185-a114-4e92-8351-196f38078d90
Toyota,Aygo,2009,3650,EUR,https://prod.pictures.autoscout24.net/listing-images/f8e7eeb8-2cd4-4523-8cfa-3b95b874f488_99ec6023-5900-426d-8cec-9d54a680b347.jpg/420x315.jpg,https://www.autoscout24.com/offers/toyota-aygo-1-0-12v-comfort-gasoline-blue-8ea357c4-fa43-7d01-e053-0100007f99c9
Toyota,Corolla,2021,28990,EUR,https://prod.pictures.autoscout24.net/listing-images/86ac8af6-b8b3-47ea-9291-1345dc31bebd_cf30d881-ebb9-4c09-aa2c-d33f2749e7b5.jpg/420x315.jpg,https://www.autoscout24.com/offers/toyota-corolla-corolla-2-0-hybrid-ts-team-d-technik-paket-electric-gasoline-white-9ed6421b-6fdf-49d0-93a0-72be0d73faef
Toyota,Corolla,2005,3999,EUR,https://prod.pictures.autoscout24.net/listing-images/c9b9e241-c252-4e5e-9b43-b2eca0a3649f_bb13ebd5-7526-4bec-a67c-3a722e019b99.jpg/420x315.jpg,https://www.autoscout24.com/offers/toyota-corolla-verso-1-6-16v-unico-proprietario-gasoline-grey-f8e7eeb8-2cd4-4523-8cfa-3b95b874f488
Toyota,Corolla,2020,29950,EUR,https://prod.pictures.autoscout24.net/listing-images/35a5314b-3ff1-4205-8469-89031e6f6232_4549a4a1-3175-49a4-8395-9de6e3ecf0ae.jpg/420x315.jpg,https://www.autoscout24.com/offers/toyota-corolla-touring-sports-2-0-hybrid-trek-electric-gasoline-grey-86ac8af6-b8b3-47ea-9291-1345dc31bebd
Toyota,Corolla,2019,20690,EUR,https://prod.pictures.autoscout24.net/listing-images/86536e83-1926-498c-a117-9ac2a9f958c8_4998c63d-36a4-4eb2-a2fc-e02bbf5f03b2.jpg/420x315.jpg,https://www.autoscout24.com/offers/toyota-corolla-hybrid-style-1-8-ibrido-benzina-122cv-silver-c9b9e241-c252-4e5e-9b43-b2eca0a3649f
Toyota,Corolla,2021,25690,EUR,https://prod.pictures.autoscout24.net/listing-images/db2ab371-093a-4477-a150-5cf8db08fc62_c0481617-f64e-4c3c-a418-ddd7ad55a693.jpg/420x315.jpg,https://www.autoscout24.com/offers/toyota-corolla-ts-break-1-8hybride-neuve-electric-gasoline-blue-35a5314b-3ff1-4205-8469-89031e6f6232
Toyota,Auris,2012,11499,EUR,https://prod.pictures.autoscout24.net/listing-images/a493677f-3c7f-4100-8f44-a0e3eded4c78_fcb04856-d7b7-4cdd-9a37-8492f3270435.jpg/420x315.jpg,https://www.autoscout24.com/offers/toyota-auris-1-8-full-hybrid-dynamic-business-electric-gasoline-grey-86536e83-1926-498c-a117-9ac2a9f958c8
Toyota,Corolla,2002,1500,EUR,https://prod.pictures.autoscout24.net/listing-images/339a57c4-a355-047d-e053-0100007f1773_7841f4fa-db31-47a0-b410-8c29fe964db9.jpg/420x315.jpg,https://www.autoscout24.com/offers/toyota-corolla-1-4-16v-3-porte-gasoline-silver-339a57c4-a355-047d-e053-0100007f1773
Toyota,RAV,2021,48999,EUR,https://prod.pictures.autoscout24.net/listing-images/bd9733ee-87d2-40b8-b6c3-f72030faea9b_da9c7d57-88b4-43e9-8fb6-945673b5f902.jpg/420x315.jpg,https://www.autoscout24.com/offers/toyota-rav-4-2-5-hybrid-awd-bi-tone-limited-automaat-222pk-pd-electric-gasoline-grey-bd9733ee-87d2-40b8-b6c3-f72030faea9b
Toyota,Yaris,1999,1200,EUR,https://prod.pictures.autoscout24.net/listing-images/c2d183c3-495b-49d6-b875-88b77277bd27_7aa3e09b-b4d9-4ab0-81ed-2f9420f3a492.jpg/420x315.jpg,https://www.autoscout24.com/offers/toyota-yaris-1-0-16v-vvt-i-sol-airco-bestemd-voor-handelare-gasoline-grey-c2d183c3-495b-49d6-b875-88b77277bd27
Toyota,Avensis,2005,1490,EUR,https://prod.pictures.autoscout24.net/listing-images/a76aeffe-1887-4d7d-8269-6bbe35e42f49_cc8c31f1-24ec-41bd-bc96-cceebb4ce2fe.jpg/420x315.jpg,https://www.autoscout24.com/offers/toyota-avensis-kombi-2-2-d-tuev-7-21-diesel-silver-d6f8750b-871a-4932-80b4-f14ff9a771e2
Toyota,Corolla,2019,23800,EUR,https://prod.pictures.autoscout24.net/listing-images/b44eb19d-a6d7-453f-8730-80e68155d548_b6cbbce9-1cb7-4d36-b43a-97b98a34a9ad.jpg/420x315.jpg,https://www.autoscout24.com/offers/toyota-corolla-2-0-hybrid-lounge-electric-gasoline-a76aeffe-1887-4d7d-8269-6bbe35e42f49
Toyota,Proace,2017,19800,EUR,https://prod.pictures.autoscout24.net/listing-images/a59d38ee-1053-48c0-b642-0655015602b2_7f2c9e00-ff7d-4c33-a8ad-eb7dc7f115df.jpg/420x315.jpg,https://www.autoscout24.com/offers/toyota-proace-1-6d-l1-d-lounge-diesel-d736e25c-2478-4285-92d8-3fc550155876
Toyota,C-HR,2018,17500,EUR,https://prod.pictures.autoscout24.net/listing-images/f6bf480b-30bc-4642-b82d-607d09569db3_00369e01-67d4-4ae4-8bcb-a5003e789f13.jpg/420x315.jpg,https://www.autoscout24.com/offers/toyota-c-hr-1-8-hybrid-e-cvt-trend-electric-gasoline-black-b44eb19d-a6d7-453f-8730-80e68155d548
Toyota,Yaris,2012,6980,EUR,https://prod.pictures.autoscout24.net/listing-images/811e8103-6789-4d83-9720-c8a3bedcfbe7_1c613882-b4b4-4dbc-8e47-61cb5bba3cee.jpg/420x315.jpg,https://www.autoscout24.com/offers/toyota-yaris-1-0-cool-5-trg-61tkm-klima-esp-allwetter-gasoline-blue-a59d38ee-1053-48c0-b642-0655015602b2
Toyota,Avensis,2012,5900,EUR,https://prod.pictures.autoscout24.net/listing-images/b601b486-50c6-4e2f-b20b-fe28101f417c_c25c869a-c6ce-4943-820b-60efd81cf0b6.jpg/420x315.jpg,https://www.autoscout24.com/offers/toyota-avensis-2-0-station-wagon-lounge-diesel-silver-f6bf480b-30bc-4642-b82d-607d09569db3
Toyota,Yaris,2020,11490,EUR,https://prod.pictures.autoscout24.net/listing-images/f47325a9-1ee3-4652-a1dd-1aadb88dbde2_9e11b3c5-0c9c-42b4-aea3-24cf1e7c2137.jpg/420x315.jpg,https://www.autoscout24.com/offers/toyota-yaris-1-0-comfort-gasoline-red-811e8103-6789-4d83-9720-c8a3bedcfbe7
Toyota,Auris,2017,12900,EUR,https://prod.pictures.autoscout24.net/listing-images/2ce82c81-5f26-4891-a745-1a4d669daef5_79def076-879e-4310-b54f-14acf4dafea7.jpg/420x315.jpg,https://www.autoscout24.com/offers/toyota-auris-touring-sports-1-8-hybrid-active-electric-gasoline-silver-b601b486-50c6-4e2f-b20b-fe28101f417c
Toyota,Aygo,2017,7290,EUR,https://prod.pictures.autoscout24.net/listing-images/65083cc7-d9d4-4a3f-aa3a-9cd2628ce876_be4323cf-a2ad-452c-a1d7-77e00ff1721f.jpg/420x315.jpg,https://www.autoscout24.com/offers/toyota-aygo-1-0-70-x-play-gasoline-black-f47325a9-1ee3-4652-a1dd-1aadb88dbde2
Toyota,Yaris,2020,12990,EUR,https://prod.pictures.autoscout24.net/listing-images/7116f7c2-cfb8-489c-8c49-2ae4888208b6_9e200e00-0855-4171-819d-64e08903d13a.jpg/420x315.jpg,https://www.autoscout24.com/offers/toyota-yaris-1-5-comfort-klima-kamera-carplay-gj-raeder-gasoline-blue-2ce82c81-5f26-4891-a745-1a4d669daef5
Toyota,Yaris,2018,14750,EUR,https://prod.pictures.autoscout24.net/listing-images/f626f4ca-951c-458a-8522-6e01b0c410ec_5131564b-7d86-46dd-b480-5d2cc92aa8b8.jpg/420x315.jpg,https://www.autoscout24.com/offers/toyota-yaris-1-5-vvt-i-aspiration-11696-km-camera-clima-gasoline-blue-65083cc7-d9d4-4a3f-aa3a-9cd2628ce876
Toyota,Highlander, 2021,53300,EUR,https://prod.pictures.autoscout24.net/listing-images/3379aabf-88e4-43ed-ab57-e670549271f0_5e98e67c-eb4b-4299-8298-4e43252998dc.jpg/420x315.jpg,https://www.autoscout24.com/offers/toyota-highlander-2-5h-awd-i-e-cvt-lounge-electric-gasoline-blue-7116f7c2-cfb8-489c-8c49-2ae4888208b6
Toyota,C-HR,2018,21890,EUR,https://prod.pictures.autoscout24.net/listing-images/ec04e4d2-d6ea-48b6-9a76-5ca1dfe52442_edbebd00-0015-40a8-88c8-0c2630504b6f.jpg/420x315.jpg,https://www.autoscout24.com/offers/toyota-c-hr-1-8-hybrid-style-electric-gasoline-grey-f626f4ca-951c-458a-8522-6e01b0c410ec
Toyota,Aygo,2018,6960,EUR,https://prod.pictures.autoscout24.net/listing-images/c69371a2-b36a-454d-815b-273bfcf941bf_f6830b94-9c39-49b6-ad20-669ec73189f6.jpg/420x315.jpg,https://www.autoscout24.com/offers/toyota-aygo-aygo-x-business-5-trg-1-hand-24monate-garantie-gasoline-red-3379aabf-88e4-43ed-ab57-e670549271f0
Toyota,Yaris,2015,8900,EUR,https://prod.pictures.autoscout24.net/listing-images/b153df65-312f-4206-8b3b-7d9594b16694_2e683639-88a2-4383-81dd-909af011566a.jpg/420x315.jpg,https://www.autoscout24.com/offers/toyota-yaris-life-gasoline-grey-ec04e4d2-d6ea-48b6-9a76-5ca1dfe52442
Toyota,Corolla,2005,3180,EUR,https://prod.pictures.autoscout24.net/listing-images/b23d28e9-024f-424e-90ed-232c40537ebc_3ba01001-339d-422f-9416-ebaeb7f64510.jpg/420x315.jpg,https://www.autoscout24.com/offers/toyota-corolla-verso-2-0-d-4d-linea-luna-ds-133tkm-kredit-moeglich-diesel-blue-b23d28e9-024f-424e-90ed-232c40537ebc
Toyota,Aygo, 2021,16390,EUR,https://prod.pictures.autoscout24.net/listing-images/336dbd26-86eb-45ec-990b-c4ef6428fb0f_e69fc046-2370-44ee-91ce-d28933770fd8.jpg/420x315.jpg,https://www.autoscout24.com/offers/toyota-aygo-aygo-x-clusive-style-selection-gasoline-blue-336dbd26-86eb-45ec-990b-c4ef6428fb0f
Toyota,Aygo,2011,5250,EUR,https://prod.pictures.autoscout24.net/listing-images/e860e266-3bcd-4642-9a80-bfab6b29731e_5d034a06-eabc-4e3d-8238-a76f9a6f68fd.jpg/420x315.jpg,https://www.autoscout24.com/offers/toyota-aygo-1-0-12v-aspiration-automaat-airco-elke-pakket-5deu-gasoline-grey-e860e266-3bcd-4642-9a80-bfab6b29731e
Toyota,Yaris,2009,2990,EUR,https://prod.pictures.autoscout24.net/listing-images/b7286538-9d0b-4da9-a33b-f1fb47dd82c8_135634fe-aeac-4a28-8323-3af480606866.jpg/420x315.jpg,https://www.autoscout24.com/offers/toyota-yaris-1-0-5-porte-unico-proprietario-gasoline-grey-b7286538-9d0b-4da9-a33b-f1fb47dd82c8
Toyota,Yaris,2002,3500,EUR,https://prod.pictures.autoscout24.net/listing-images/79d5589c-2ab4-487b-b682-f2a437007f97_92a413d3-bc53-4d73-b48c-68490a9061a7.jpg/420x315.jpg,https://www.autoscout24.com/offers/toyota-yaris-3ptes-1-3i-vvt-i-16v-86cv-auto-33-128km-gasoline-grey-0a47f8d9-02d6-422a-8db4-780052f8afea
Toyota,Auris,2009,4444,EUR,https://prod.pictures.autoscout24.net/listing-images/55060c69-2116-41c9-ad51-14e08eccc961_f345d1e0-05b1-49b8-83ff-26f97d75203f.jpg/420x315.jpg,https://www.autoscout24.com/offers/toyota-auris-2-0-d-4d-diesel-grey-79d5589c-2ab4-487b-b682-f2a437007f97
Toyota,C-HR,2017,19650,EUR,https://prod.pictures.autoscout24.net/listing-images/735f59e0-bcc0-4102-b676-896f351f475f_5954ab1f-078f-42e2-a699-047e9c709999.jpg/420x315.jpg,https://www.autoscout24.com/offers/toyota-c-hr-1-8-hybrid-lounge-electric-gasoline-grey-55060c69-2116-41c9-ad51-14e08eccc961
Toyota,Auris,2013,8350,EUR,https://prod.pictures.autoscout24.net/listing-images/b40e0399-a6b4-45c8-8dc6-2eb58b48a903_fea0f785-a187-44b5-a3d4-8b9d4cb97950.jpg/420x315.jpg,https://www.autoscout24.com/offers/toyota-auris-1-6-lounge-gasoline-black-735f59e0-bcc0-4102-b676-896f351f475f
Toyota,Prius,2013,11900,EUR,https://prod.pictures.autoscout24.net/listing-images/48cee7df-2a09-4f3d-bf30-0ba588326b03_82695367-6b80-4113-b05f-64ced640b380.jpg/420x315.jpg,https://www.autoscout24.com/offers/toyota-prius-1-8-comfort-navigatie-lage-km-stand-cruise-c-electric-gasoline-grey-b40e0399-a6b4-45c8-8dc6-2eb58b48a903
Toyota,Avensis,2017,17990,EUR,https://prod.pictures.autoscout24.net/listing-images/6730f5eb-ecdd-4dfa-b64f-6584a5e56f6c_0dbe1614-6bbb-4b46-9dc1-26bbacc7192b.jpg/420x315.jpg,https://www.autoscout24.com/offers/toyota-avensis-1-6-d4-d-active-plus-navi-shz-kamera-diesel-grey-48cee7df-2a09-4f3d-bf30-0ba588326b03
Toyota,C-HR,2018,20700,EUR,https://prod.pictures.autoscout24.net/listing-images/6c3257c4-5adb-f356-e053-0100007f00ba_fa69add1-e864-4be8-b23a-0cdd6223747c.jpg/420x315.jpg,https://www.autoscout24.com/offers/toyota-c-hr-1-8-hybrid-dynamic-electric-gasoline-white-6730f5eb-ecdd-4dfa-b64f-6584a5e56f6c
Toyota,Hilux,2016,21500,EUR,https://prod.pictures.autoscout24.net/listing-images/63d270a2-db58-4c11-a43b-6058405323cd_94b41b52-3f9f-455f-b984-1103439a92f6.jpg/420x315.jpg,https://www.autoscout24.com/offers/toyota-hilux-2-4-d-4d-4wd-4-porte-double-cab-ex-diesel-white-6c3257c4-5adb-f356-e053-0100007f00ba
Toyota,Prius,2010,8990,EUR,https://prod.pictures.autoscout24.net/listing-images/0bdd5a0f-3c44-4fca-bd80-7aa8c18fcf0c_81bafda2-86f7-418b-a87e-1823e32a87ed.jpg/420x315.jpg,https://www.autoscout24.com/offers/toyota-prius-1-8-vvt-i-hybrid-5t-comfort-electric-gasoline-63d270a2-db58-4c11-a43b-6058405323cd
Toyota,RAV,2013,17990,EUR,https://prod.pictures.autoscout24.net/listing-images/b4034e0a-73f5-4c00-b925-bfb013b75717_00318556-1c15-4893-9756-3287fb9f5d49.jpg/420x315.jpg,https://www.autoscout24.com/offers/toyota-rav-4-2-2-d-4d-elegance-4wd-aut-allrad-5t-diesel-0bdd5a0f-3c44-4fca-bd80-7aa8c18fcf0c
Toyota,Corolla, 2021,25230,EUR,https://prod.pictures.autoscout24.net/listing-images/fcd91612-0b5f-4c21-9514-dc1cbdcba9f7_3f1f9434-de4e-4dc6-858d-6e20f579fafd.jpg/420x315.jpg,https://www.autoscout24.com/offers/toyota-corolla-hb-1-8-hsd-active-drive-5t-electric-gasoline-b4034e0a-73f5-4c00-b925-bfb013b75717
Toyota,Yaris,2007,3990,EUR,https://prod.pictures.autoscout24.net/listing-images/ce57a957-605b-498b-827a-ee10952f02f1_8b4293d4-9d93-4ad3-89b9-ac07b206648d.jpg/420x315.jpg,https://www.autoscout24.com/offers/toyota-yaris-1-0-vvt-i-5t-fcd91612-0b5f-4c21-9514-dc1cbdcba9f7
Toyota,Yaris,2013,9490,EUR,https://prod.pictures.autoscout24.net/listing-images/17cd57d2-7f9e-4569-946f-938dca37b092_1968d746-7856-4b7b-9cf4-baa6c7458099.jpg/420x315.jpg,https://www.autoscout24.com/offers/toyota-yaris-1-0-vvt-i-active-5t-gasoline-ce57a957-605b-498b-827a-ee10952f02f1
Toyota,Proace, 2021,31690,EUR,https://prod.pictures.autoscout24.net/listing-images/c237dcbc-fc0a-4e7d-a364-2712c5ba3f18_90720727-fb6e-455d-8f5c-5a8c42b1473e.jpg/420x315.jpg,https://www.autoscout24.com/offers/toyota-proace-city-verso-1-2-vvt-i-family-l2-aut-7s-gasoline-17cd57d2-7f9e-4569-946f-938dca37b092
Toyota,Proace, 2021,31990,EUR,https://prod.pictures.autoscout24.net/listing-images/6d91a129-cbaa-4e12-9656-649c94aaebe0_9d129f42-86b1-4c4b-a354-b5c138369692.jpg/420x315.jpg,https://www.autoscout24.com/offers/toyota-proace-city-basis-1-5-d-4d-130-l2-4wd-5gang-diesel-c237dcbc-fc0a-4e7d-a364-2712c5ba3f18
Nissan,Juke,2011,7450,EUR,https://prod.pictures.autoscout24.net/listing-images/8e16fb6b-dae2-407f-84c4-0e727809f512_603481c4-e6c4-4aa5-a106-ba50a0c1947e.jpg/420x315.jpg,https://www.autoscout24.com/offers/nissan-juke-acenta-117ps-klima-bluetooth-gasoline-silver-8e16fb6b-dae2-407f-84c4-0e727809f512
Nissan,Qashqai,2019,19980,EUR,https://prod.pictures.autoscout24.net/listing-images/e765eda3-7340-479a-89ff-9b8cb8750a66_49444526-a16a-4c36-aef5-660fe30acb36.jpg/420x315.jpg,https://www.autoscout24.com/offers/nissan-qashqai-1-3-dig-t-tekna-euro-6d-temp-rundumkamera-navi-pan-gasoline-bronze-e765eda3-7340-479a-89ff-9b8cb8750a66
Nissan,Juke,2016,11900,EUR,https://prod.pictures.autoscout24.net/listing-images/fdbb02ab-1d47-41ba-a8a5-d7a35faf589c_4ce14cc9-f100-4e74-b18a-56eab5ae913f.jpg/420x315.jpg,https://www.autoscout24.com/offers/nissan-juke-1-5-dci-start-diesel-white-fdbb02ab-1d47-41ba-a8a5-d7a35faf589c
Nissan,Qashqai,2017,17499,EUR,https://prod.pictures.autoscout24.net/listing-images/16e42c9e-cf22-4130-9438-420e1e513ea1_f46095bf-d657-44c1-9f14-381037a5ce23.jpg/420x315.jpg,https://www.autoscout24.com/offers/nissan-qashqai-1-2-dig-t-tekna-360cm-pano-leder-xenon-lane-ass-el-gasoline-white-16e42c9e-cf22-4130-9438-420e1e513ea1
Nissan,Leaf,2020,29495,EUR,https://prod.pictures.autoscout24.net/listing-images/6e7af4ba-3045-4c4e-b081-3d179aea3fec_3ece1615-b3f4-458a-b406-bef0870fb749.jpg/420x315.jpg,https://www.autoscout24.com/offers/nissan-leaf-e-tekna-62kwh-electric-white-6e7af4ba-3045-4c4e-b081-3d179aea3fec
Nissan,Navara,2021,37890,EUR,https://prod.pictures.autoscout24.net/listing-images/645671b1-bf95-4981-8178-d50792af3021_0417a9a9-ed29-4f79-bbcb-13bebc76e783.jpg/420x315.jpg,https://www.autoscout24.com/offers/nissan-navara-190ps-automatik-n-guard-diesel-grey-645671b1-bf95-4981-8178-d50792af3021
Nissan,X-Trail,2006,7700,EUR,https://prod.pictures.autoscout24.net/listing-images/e85501ed-b2a2-4e82-bc26-c982bdb76cd4_016e49f4-18de-4c52-8296-e15f42ec6c21.jpg/420x315.jpg,https://www.autoscout24.com/offers/nissan-x-trail-2-2-dci-elegance-columbia-diesel-bronze-f6a757c4-9bff-4f05-e053-0100007f08ff
Nissan,Pulsar,2016,9900,EUR,https://prod.pictures.autoscout24.net/listing-images/4144cf2d-74f0-4bf3-9fff-d5919b0b02a6_b8a3fa56-4557-468c-b8cd-6756ec93d567.jpg/420x315.jpg,https://www.autoscout24.com/offers/nissan-pulsar-1-5-dci-acenta-diesel-white-e85501ed-b2a2-4e82-bc26-c982bdb76cd4
Nissan,Navara,2008,7850,EUR,https://prod.pictures.autoscout24.net/listing-images/64aa361b-6f62-4f12-9d2e-69b59010b077_47bba22b-b51b-4eb2-b2d2-a8e59acce57b.jpg/420x315.jpg,https://www.autoscout24.com/offers/nissan-navara-2-5-dci-se-double-c-automaat-diesel-grey-4144cf2d-74f0-4bf3-9fff-d5919b0b02a6
Nissan,Juke,2017,12990,EUR,https://prod.pictures.autoscout24.net/listing-images/4e2c72e7-be86-4ad4-8e0a-fe49ed8b90e9_56091882-a561-4a9a-b318-3d122bcbd23d.jpg/420x315.jpg,https://www.autoscout24.com/offers/nissan-juke-1-5-dci-110-fap-start-stop-system-tekna-diesel-black-64aa361b-6f62-4f12-9d2e-69b59010b077
Nissan,Qashqai,2014,13500,EUR,https://prod.pictures.autoscout24.net/listing-images/0aba36ab-d767-4b8f-95a7-11cc7998ea93_a570eaaf-b1ec-43a5-a658-f0b7d20e2d14.jpg/420x315.jpg,https://www.autoscout24.com/offers/nissan-qashqai-1-5-dci-acenta-diesel-grey-4e2c72e7-be86-4ad4-8e0a-fe49ed8b90e9
Nissan,Qashqai,2020,19690,EUR,https://prod.pictures.autoscout24.net/listing-images/f7c0332a-6a7a-4818-a3cf-f625514b6283_47278a1a-8d91-4a66-bb6f-8481b764408a.jpg/420x315.jpg,https://www.autoscout24.com/offers/nissan-qashqai-dig-t-117-kw-160-cv-e6d-dct-n-connecta-gasoline-black-0aba36ab-d767-4b8f-95a7-11cc7998ea93
Nissan,X-Trail,2010,6500,EUR,https://prod.pictures.autoscout24.net/listing-images/2e6a2643-354d-48f6-9a55-a86a0e699e64_0ec39991-4bed-4e2a-816b-c2cb77219309.jpg/420x315.jpg,https://www.autoscout24.com/offers/nissan-x-trail-2-0-dci-150cv-le-platinum-diesel-silver-f7c0332a-6a7a-4818-a3cf-f625514b6283
Nissan,Qashqai,2020,19690,EUR,https://prod.pictures.autoscout24.net/listing-images/0615a77b-9b0b-49a5-9961-8fb4442263f9_dc072610-74b7-4950-8883-6b73a20de3c9.jpg/420x315.jpg,https://www.autoscout24.com/offers/nissan-qashqai-dig-t-117-kw-160-cv-e6d-dct-n-connecta-gasoline-black-2e6a2643-354d-48f6-9a55-a86a0e699e64
Nissan,Juke,2012,6490,EUR,https://prod.pictures.autoscout24.net/listing-images/7d855b70-2f89-4f15-9881-7d5cd7817197_fb06d9de-a9df-4cb0-9a57-272393dfbe61.jpg/420x315.jpg,https://www.autoscout24.com/offers/nissan-juke-1-5-dci-2wd-acenta-connect-dpf-diesel-black-0615a77b-9b0b-49a5-9961-8fb4442263f9
Nissan,Qashqai,2016,13990,EUR,https://prod.pictures.autoscout24.net/listing-images/d3f0e11e-1ad4-4ca4-871d-fdbfdaa6c159_25d26a02-f07c-45cc-9aba-99c41f7d43c3.jpg/420x315.jpg,https://www.autoscout24.com/offers/nissan-qashqai-1-6i-dig-t-acenta-4x2-gasoline-grey-7d855b70-2f89-4f15-9881-7d5cd7817197
Nissan,Juke,2015,8800,EUR,https://prod.pictures.autoscout24.net/listing-images/d81048f8-96b9-474d-bd86-68112559957a_0c216b99-04e9-47c1-91c4-1b80c245f332.jpg/420x315.jpg,https://www.autoscout24.com/offers/nissan-juke-1-6-94-cv-visia-gasoline-white-d3f0e11e-1ad4-4ca4-871d-fdbfdaa6c159
Nissan,Navara,2006,13400,EUR,https://prod.pictures.autoscout24.net/listing-images/5e035580-f4be-47ad-85b5-2d6643554e9a_e72835fe-0939-4a28-bfaf-4d2b058f19d5.jpg/420x315.jpg,https://www.autoscout24.com/offers/nissan-navara-2-5-dci-4-porte-double-cab-se-diesel-silver-d81048f8-96b9-474d-bd86-68112559957a
Nissan,Qashqai,2010,6500,EUR,https://prod.pictures.autoscout24.net/listing-images/169002cf-f6f5-4f52-a2dd-894ce4559a23_75233543-34e1-4b6b-acfd-249ba2c6445e.jpg/420x315.jpg,https://www.autoscout24.com/offers/nissan-qashqai-2-2-0-dci-tekna-4wd-dpf-diesel-red-5e035580-f4be-47ad-85b5-2d6643554e9a
Nissan,Qashqai,2019,23930,EUR,https://prod.pictures.autoscout24.net/listing-images/a35617fb-7511-4135-a448-b805b97eb1c7_5a5c871f-89aa-45c6-9dd9-9bea9cc73eb7.jpg/420x315.jpg,https://www.autoscout24.com/offers/nissan-qashqai-1-3-dig-t-n-connecta-design-pack-panorama-dak-came-gasoline-grey-a35617fb-7511-4135-a448-b805b97eb1c7
Nissan,X-Trail,2016,18900,EUR,https://prod.pictures.autoscout24.net/listing-images/ac8e1024-6f09-420b-8e49-38c375251efe_390f9de3-a78a-48db-a743-f69bd0dd3139.jpg/420x315.jpg,https://www.autoscout24.com/offers/nissan-x-trail-1-6-dig-t-165-pk-acenta-pano-gasoline-black-ac8e1024-6f09-420b-8e49-38c375251efe
Nissan,Qashqai,2016,14000,EUR,https://prod.pictures.autoscout24.net/listing-images/93569e5b-b0be-429d-ae63-f02cc6f565a8_2eaf1e77-539e-42f6-9b57-5ac453c5f986.jpg/420x315.jpg,https://www.autoscout24.com/offers/nissan-qashqai-1-2-dig-t-xtronic-360-gasoline-white-93569e5b-b0be-429d-ae63-f02cc6f565a8
Nissan,X-Trail,2015,13400,EUR,https://prod.pictures.autoscout24.net/listing-images/42e91a85-e68f-4b9a-ab6b-25f9ddad3f36_506f8f49-4f86-4cc5-9df0-5f52f9007865.jpg/420x315.jpg,https://www.autoscout24.com/offers/nissan-x-trail-1-6-dci-130cv-business-1-propr-km-certificati-diesel-blue-42e91a85-e68f-4b9a-ab6b-25f9ddad3f36
Nissan,Qashqai,2019,14900,EUR,https://prod.pictures.autoscout24.net/listing-images/ac3c28c0-39ef-487a-b2c3-b371175d74d9_8203a7c4-2d73-4e3d-8ecd-653f86a9ed27.jpg/420x315.jpg,https://www.autoscout24.com/offers/nissan-qashqai-gasoline-red-ac3c28c0-39ef-487a-b2c3-b371175d74d9
Nissan,Juke,2011,7499,EUR,https://prod.pictures.autoscout24.net/listing-images/f68af137-d88a-40ad-9adf-def9800c25a7_e98969d0-8ce3-4af2-b82d-b09cb0424be9.jpg/420x315.jpg,https://www.autoscout24.com/offers/nissan-juke-1-6i-2wd-airco-1-jaar-garantie-gasoline-red-f68af137-d88a-40ad-9adf-def9800c25a7
Nissan,Qashqai,2017,18945,EUR,https://prod.pictures.autoscout24.net/listing-images/9c84a6a3-87c8-4ad3-ab82-5b3cc1ffb3a6_607d0ac1-91d7-48ad-9c67-b49c43e08ede.jpg/420x315.jpg,https://www.autoscout24.com/offers/nissan-qashqai-1-3-dig-t-tekna-navigatie-360-camera-panorama-gasoline-black-9c84a6a3-87c8-4ad3-ab82-5b3cc1ffb3a6
Nissan,Micra,2010,2699,EUR,https://prod.pictures.autoscout24.net/listing-images/adfa9a57-e5a3-4378-a2cd-dffe9cf11bff_4616fcf8-ce73-4a82-a5e9-e04f2aa766c5.jpg/420x315.jpg,https://www.autoscout24.com/offers/nissan-micra-1-5-dci-pure-drive-airco-nouvelle-distribution-diesel-black-adfa9a57-e5a3-4378-a2cd-dffe9cf11bff
Nissan,Juke,2016,11600,EUR,https://prod.pictures.autoscout24.net/listing-images/89420a79-32f3-4cd7-b234-e15b4267f7c6_d0ef2e17-ad0c-42c8-9153-b0a6b8e0f567.jpg/420x315.jpg,https://www.autoscout24.com/offers/nissan-juke-1-5-dci-start-stop-tekna-full-optional-diesel-grey-89420a79-32f3-4cd7-b234-e15b4267f7c6
Nissan,Qashqai,2016,14960,EUR,https://prod.pictures.autoscout24.net/listing-images/2b329521-f2f6-44de-af23-30b4cac47588_4fade752-3ca0-479f-893e-3a01926f9a14.jpg/420x315.jpg,https://www.autoscout24.com/offers/nissan-qashqai-1-2-dig-t-n-connecta-4x2-klima-navi-einparkhilfe-gasoline-bronze-2b329521-f2f6-44de-af23-30b4cac47588
Nissan,Micra,2017,6990,EUR,https://prod.pictures.autoscout24.net/listing-images/7864ecb1-62d8-4dc3-9c89-6d5d51223efd_5b0773b2-9265-4a68-acd8-a714e1c3ee42.jpg/420x315.jpg,https://www.autoscout24.com/offers/nissan-micra-1-2-80-visia-gasoline-grey-7864ecb1-62d8-4dc3-9c89-6d5d51223efd
Nissan,Qashqai,2013,10400,EUR,https://prod.pictures.autoscout24.net/listing-images/0e4157c4-0311-a45e-e053-0100007f9f83_8575aa69-0c39-49a9-a835-0c894ce4dccf.jpg/420x315.jpg,https://www.autoscout24.com/offers/nissan-qashqai-1-5-dci-2wd-executive-18-dpf-diesel-grey-0e4157c4-0311-a45e-e053-0100007f9f83
Nissan,Juke,2014,7950,EUR,https://prod.pictures.autoscout24.net/listing-images/fb43fc6c-4442-4c8c-af46-0e9e2e61fd43_c6dc27b7-56c7-4cf5-908e-2dddcbf51111.jpg/420x315.jpg,https://www.autoscout24.com/offers/nissan-juke-1-6-16v-aut-117pk-airco-lmv-pdc-esp-elec-ramen-gasoline-red-fb43fc6c-4442-4c8c-af46-0e9e2e61fd43
Nissan,Note,2010,6990,EUR,https://prod.pictures.autoscout24.net/listing-images/fcbe8751-0f2f-407a-91cc-da33f6dde4dc_e40b8179-2ce1-42d0-9731-c96639e97f1d.jpg/420x315.jpg,https://www.autoscout24.com/offers/nissan-note-i-way-1-4-navi-multif-lenkrad-klimaautom-gasoline-black-fcbe8751-0f2f-407a-91cc-da33f6dde4dc
Nissan,Micra,2019,13900,EUR,https://prod.pictures.autoscout24.net/listing-images/cd23ad31-80ab-4178-b4b8-c9a0ad35455c_6c747c21-4825-4e79-b0bf-375a49b04c70.jpg/420x315.jpg,https://www.autoscout24.com/offers/nissan-micra-1-0-ig-t-n-connecta-navigatie-gasoline-grey-cd23ad31-80ab-4178-b4b8-c9a0ad35455c
Nissan,Qashqai,2019,20000,EUR,https://prod.pictures.autoscout24.net/listing-images/b51857c4-9046-354e-e053-0100007f249b_72926108-61a2-49a9-9ced-d58f2af9d34c.jpg/420x315.jpg,https://www.autoscout24.com/offers/nissan-qashqai-1-3-dig-t-tekna-gasoline-brown-b51857c4-9046-354e-e053-0100007f249b
Nissan,Micra,2019,12200,EUR,https://prod.pictures.autoscout24.net/listing-images/f3247bbd-c945-4017-a8ac-cc1df3ca857d_3c3db7b3-ed46-4203-a415-d3701a7e0913.jpg/420x315.jpg,https://www.autoscout24.com/offers/nissan-micra-dci-90-5-porte-n-connecta-diesel-black-f3247bbd-c945-4017-a8ac-cc1df3ca857d
Nissan,Qashqai,2012,7900,EUR,https://prod.pictures.autoscout24.net/listing-images/1f86b023-204b-4cee-a50e-69098de92341_60520a9b-dfca-469e-862d-d1629fa7a8a1.jpg/420x315.jpg,https://www.autoscout24.com/offers/nissan-qashqai-1-5-dci-dpf-tekna-diesel-grey-1f86b023-204b-4cee-a50e-69098de92341
Nissan,NV400,2016,11600,EUR,https://prod.pictures.autoscout24.net/listing-images/aba64b03-9e5d-4811-9a2d-d740e3e7ab89_6a12a2e2-1abc-419b-9757-0bd3a7f0634a.jpg/420x315.jpg,https://www.autoscout24.com/offers/nissan-nv400-diesel-white-aba64b03-9e5d-4811-9a2d-d740e3e7ab89
Nissan,Qashqai,2018,20895,EUR,https://prod.pictures.autoscout24.net/listing-images/2200be38-8b2a-4b63-a038-2a5495c57b75_44858866-1202-4f18-99b0-5ded9cbcf1b3.jpg/420x315.jpg,https://www.autoscout24.com/offers/nissan-qashqai-1-2-n-connecta-navigatie-360-camera-reservew-gasoline-black-2200be38-8b2a-4b63-a038-2a5495c57b75
Nissan,Navara, 2021,27825,EUR,https://prod.pictures.autoscout24.net/listing-images/f77d641d-fe6f-4e48-b657-f1f7fb9679f9_7b061efc-4ee6-4777-a6c3-b089990ee97f.jpg/420x315.jpg,https://www.autoscout24.com/offers/nissan-navara-visia-double-cab-2-3-dci-4wd-160ps-117kw-6g-202-diesel-f77d641d-fe6f-4e48-b657-f1f7fb9679f9
Nissan,Qashqai,2008,5500,EUR,https://prod.pictures.autoscout24.net/listing-images/147ab59d-1db4-4c8f-9afa-609409b81570_9d977f94-afa5-474e-bcd6-c171a0170841.jpg/420x315.jpg,https://www.autoscout24.com/offers/nissan-qashqai-1-5-dci-acenta-106cv-pdc-clima-aut-tel-bella-diesel-silver-147ab59d-1db4-4c8f-9afa-609409b81570
Nissan,Qashqai,2018,22430,EUR,https://prod.pictures.autoscout24.net/listing-images/a1d2fa47-83a9-4a79-ad82-e0bb308b3357_2703f8d7-45e0-4856-8d1e-398c7ef6fc31.jpg/420x315.jpg,https://www.autoscout24.com/offers/nissan-qashqai-1-2-tekna-gasoline-black-a1d2fa47-83a9-4a79-ad82-e0bb308b3357
Nissan,Terrano,1996,4900,EUR,https://prod.pictures.autoscout24.net/listing-images/4e84b4cc-88ac-49db-bc79-7d3e1621903f_9213a607-eb4f-438b-84a7-7f2096f9138e.jpg/420x315.jpg,https://www.autoscout24.com/offers/nissan-terrano-ii-2-4i-12v-cat-5-porte-se-benzina-gpl-gasoline-blue-4e84b4cc-88ac-49db-bc79-7d3e1621903f
Nissan,Micra,2011,4200,EUR,https://prod.pictures.autoscout24.net/listing-images/41eeff3c-9f2a-42eb-8015-218eed0c3f75_48701482-5a25-4abf-b5f3-d5f1ae69c92e.jpg/420x315.jpg,https://www.autoscout24.com/offers/nissan-micra-1-2i-acenta-gasoline-grey-41eeff3c-9f2a-42eb-8015-218eed0c3f75
Nissan,Micra,2018,11950,EUR,https://prod.pictures.autoscout24.net/listing-images/cb74cc39-a5c7-4508-bb26-bb3adde86ec4_6eb2966a-2516-4932-90c2-ee0c43810ba4.jpg/420x315.jpg,https://www.autoscout24.com/offers/nissan-micra-1-0-igt-teckna-bose-edition-navi-airco-alu-camera-gasoline-orange-cb74cc39-a5c7-4508-bb26-bb3adde86ec4
Nissan,Qashqai,2018,15900,EUR,https://prod.pictures.autoscout24.net/listing-images/a0e12ef3-3480-46e0-9086-52efe8dade3c_4545c22e-3d48-4d79-9162-5c05b36d264c.jpg/420x315.jpg,https://www.autoscout24.com/offers/nissan-qashqai-2-serie-1-5-dci-visia-diesel-a0e12ef3-3480-46e0-9086-52efe8dade3c
Nissan,Qashqai,2017,14899,EUR,https://prod.pictures.autoscout24.net/listing-images/bc20f7ed-5b24-4df3-a5ab-5ef204dbe3af_b3c30fee-0a8f-47cb-a8d0-18178ab79df7.jpg/420x315.jpg,https://www.autoscout24.com/offers/nissan-qashqai-1-5-dci-2wd-tekna-airco-camera-navi-diesel-white-bc20f7ed-5b24-4df3-a5ab-5ef204dbe3af
Nissan,Qashqai,2016,15400,EUR,https://prod.pictures.autoscout24.net/listing-images/0e7e8ebb-0f7b-4be3-82b0-7de6a7daabe2_be0c06d1-af33-4183-a633-d59061e7c381.jpg/420x315.jpg,https://www.autoscout24.com/offers/nissan-qashqai-1-5-dci-business-edition-led-leder-navigatie-p-diesel-white-0e7e8ebb-0f7b-4be3-82b0-7de6a7daabe2
Nissan,Juke,2013,7850,EUR,https://prod.pictures.autoscout24.net/listing-images/9f3d907e-3ede-49f8-a9e1-a88cb92cd12f_ab089fad-be9b-4e3b-bab7-b6180864f5cc.jpg/420x315.jpg,https://www.autoscout24.com/offers/nissan-juke-1-6i-2wd-acenta-seulement-057-000km-neuf-airco-pdc-gasoline-brown-9f3d907e-3ede-49f8-a9e1-a88cb92cd12f
Skoda,Fabia,2009,2700,EUR,https://prod.pictures.autoscout24.net/listing-images/a5054bd7-f744-45fa-9ff3-abb7776b935b_91e5f5f2-13f9-4e1c-90c8-eb84328a095f.jpg/420x315.jpg,https://www.autoscout24.com/offers/skoda-fabia-1-4-16v-combi-cool-edition-gasoline-brown-a5054bd7-f744-45fa-9ff3-abb7776b935b
Skoda,Octavia,2016,10700,EUR,https://prod.pictures.autoscout24.net/listing-images/5a0de1f7-2cea-4430-a53c-58c25820e45b_41966788-5731-432a-aa1c-5a73427f5495.jpg/420x315.jpg,https://www.autoscout24.com/offers/skoda-octavia-75dkm-110pk-6v-18-alu-break-greenline-eu6-gps-16-diesel-blue-5a0de1f7-2cea-4430-a53c-58c25820e45b
Skoda,Scala,2020,16490,EUR,https://prod.pictures.autoscout24.net/listing-images/0f0d12b4-82f2-421d-9199-c67e5cdfae40_50520482-fabc-48d3-a64d-777fad3e1dff.jpg/420x315.jpg,https://www.autoscout24.com/offers/skoda-scala-scala-1-0-tsi-cool-plus-shz-smartlink-pdc-bluetoot-gasoline-white-0f0d12b4-82f2-421d-9199-c67e5cdfae40
Skoda,Citigo,2017,9490,EUR,https://prod.pictures.autoscout24.net/listing-images/425012ba-9f9d-4ac0-9aad-1eba98007ce6_312af8e6-9520-4f0d-ba5e-1c793fa30e09.jpg/420x315.jpg,https://www.autoscout24.com/offers/skoda-citigo-fun-1-0-panorama-klimaautom-shz-temp-pdc-aux-usb-m-gasoline-blue-425012ba-9f9d-4ac0-9aad-1eba98007ce6
Skoda,Karoq, 2021,32780,EUR,https://prod.pictures.autoscout24.net/listing-images/8358e24c-d3b0-4603-96e2-b47e72d8800b_aee64cd3-f1b2-4fa4-ade6-461e30f45aeb.jpg/420x315.jpg,https://www.autoscout24.com/offers/skoda-karoq-clever-1-5-tsi-110-kw-dsg-gasoline-blue-8358e24c-d3b0-4603-96e2-b47e72d8800b
Skoda,Karoq, 2021,30890,EUR,https://prod.pictures.autoscout24.net/listing-images/536a0715-5544-4109-abc9-9b01f30b9ab4_ce61807e-7fca-489f-815d-731ee5069af1.jpg/420x315.jpg,https://www.autoscout24.com/offers/skoda-karoq-clever-1-5tsi-110kw-6-gang-schaltgetriebe-gasoline-silver-536a0715-5544-4109-abc9-9b01f30b9ab4
Skoda,Kamiq, 2021,31870,EUR,https://prod.pictures.autoscout24.net/listing-images/23347797-e57c-427e-bd67-79ea90726bfb_8ca7c469-fe08-4bdf-91a4-7c9556907c28.jpg/420x315.jpg,https://www.autoscout24.com/offers/skoda-kamiq-monte-carlo-1-5-tsi-110-kw-gasoline-white-23347797-e57c-427e-bd67-79ea90726bfb
Skoda,Octavia, 2021,39890,EUR,https://prod.pictures.autoscout24.net/listing-images/bc66c68a-e34b-4118-8a42-70b5880dcc67_2304aced-9fef-49a1-8837-948bcbbfa4bb.jpg/420x315.jpg,https://www.autoscout24.com/offers/skoda-octavia-combi-style-iv-led-head-up-display-electric-gasoline-silver-bc66c68a-e34b-4118-8a42-70b5880dcc67
Skoda,Octavia,2020,22491,EUR,https://prod.pictures.autoscout24.net/listing-images/65758b89-3f40-4609-a40b-755553de51bf_ee2325d1-35af-4985-aeb6-4b52f85e3cbe.jpg/420x315.jpg,https://www.autoscout24.com/offers/skoda-octavia-combi-1-5-tsi-act-tour-dsg-navi-acc-bluetooth-gasoline-grey-65758b89-3f40-4609-a40b-755553de51bf
Skoda,Citigo,2020,19900,EUR,https://prod.pictures.autoscout24.net/listing-images/eb3bc67b-8e16-45e3-beaf-8eb3a0ac03df_ada7fc07-09be-44e0-bc9a-5bb00ed792c2.jpg/420x315.jpg,https://www.autoscout24.com/offers/skoda-citigo-e-iv-style-electric-white-eb3bc67b-8e16-45e3-beaf-8eb3a0ac03df
Skoda,Fabia,2011,5500,EUR,https://prod.pictures.autoscout24.net/listing-images/ff79fc03-79f0-48dc-8871-230765c73dc8_a56237d2-1e18-4188-814d-db67d0bb4e3e.jpg/420x315.jpg,https://www.autoscout24.com/offers/skoda-fabia-1-2-tdi-rijklaarprijs-diesel-rijden-te-duur-voo-diesel-black-ff79fc03-79f0-48dc-8871-230765c73dc8
Skoda,Superb,2020,30990,EUR,https://prod.pictures.autoscout24.net/listing-images/5956ab39-5128-4fd0-9d1e-6a69ff6ff8ec_b4373893-89ac-420e-aaeb-5a2bbc99c205.jpg/420x315.jpg,https://www.autoscout24.com/offers/skoda-superb-combi-style-1-5-tsi-dsg-act-business-amundsen-pdc-gasoline-black-5956ab39-5128-4fd0-9d1e-6a69ff6ff8ec
Skoda,Kamiq,2020,26220,EUR,https://prod.pictures.autoscout24.net/listing-images/62ef8432-1cbc-45e1-94c5-e9e7dd98ac9e_7b308d9f-8e8a-406d-85f9-56022d1ab791.jpg/420x315.jpg,https://www.autoscout24.com/offers/skoda-kamiq-1-5-dsg-montecarlo-virtual-pano-5j-garant-gasoline-white-62ef8432-1cbc-45e1-94c5-e9e7dd98ac9e
Skoda,Fabia,2013,6981,EUR,https://prod.pictures.autoscout24.net/listing-images/469b5c79-4820-4c2c-8e5a-006980092949_1bb7e0e1-c12d-4678-9281-faa2d64b75f2.jpg/420x315.jpg,https://www.autoscout24.com/offers/skoda-fabia-combi-1-2-tsi-ambition-gasoline-grey-469b5c79-4820-4c2c-8e5a-006980092949
Skoda,Fabia,2021,17220,EUR,https://prod.pictures.autoscout24.net/listing-images/21c8c262-5f76-4ff7-a3df-47aa523d1486_8b61c7c9-8c98-44be-94e1-d2696ea3635b.jpg/420x315.jpg,https://www.autoscout24.com/offers/skoda-fabia-1-0-tsi-ambition-gasoline-black-21c8c262-5f76-4ff7-a3df-47aa523d1486
Skoda,Fabia,2021,17220,EUR,https://prod.pictures.autoscout24.net/listing-images/c7633976-dd1e-45f5-883e-11051949e49f_faa8d8b9-e61b-47c3-8873-0cf9b193ae49.jpg/420x315.jpg,https://www.autoscout24.com/offers/skoda-fabia-1-0-tsi-ambition-gasoline-white-c7633976-dd1e-45f5-883e-11051949e49f
Skoda,Fabia,2009,1999,EUR,https://prod.pictures.autoscout24.net/listing-images/36fa6007-cfc7-485d-9f21-47fb86c02349_546d72f1-d8c1-4b04-a0d3-2cc8ce7ae3cf.jpg/420x315.jpg,https://www.autoscout24.com/offers/skoda-fabia-ambiente-combi-5j5-diesel-blue-36fa6007-cfc7-485d-9f21-47fb86c02349
Skoda,Octavia,2017,9990,EUR,https://prod.pictures.autoscout24.net/listing-images/9b789b19-85e2-4b93-bb1c-3878d7e7252a_7c7262df-1e62-46fa-a716-6295cd2ef50f.jpg/420x315.jpg,https://www.autoscout24.com/offers/skoda-octavia-zw-110pk-break-18-alu-sport-greenline-gps-pdc-017-diesel-black-9b789b19-85e2-4b93-bb1c-3878d7e7252a
Skoda,Octavia,2018,14990,EUR,https://prod.pictures.autoscout24.net/listing-images/13419a66-1ad1-43d7-90f2-57435680a5bd_166b4306-9bf8-45c8-801c-29368dc386d1.jpg/420x315.jpg,https://www.autoscout24.com/offers/skoda-octavia-combi-clever-2-0l-tdi-dsg-klima-navi-einparkhilfe-diesel-white-13419a66-1ad1-43d7-90f2-57435680a5bd
Skoda,Octavia,2018,14990,EUR,https://prod.pictures.autoscout24.net/listing-images/0610af33-1b03-4227-a597-1e77eb73e601_5ab59c48-2fc5-4b01-9fca-97bf180fdb40.jpg/420x315.jpg,https://www.autoscout24.com/offers/skoda-octavia-combi-clever-2-0l-tdi-dsg-klima-navi-einparkhilfe-diesel-white-0610af33-1b03-4227-a597-1e77eb73e601
Skoda,Octavia,2017,15890,EUR,https://prod.pictures.autoscout24.net/listing-images/bf72b4ee-4d94-4218-a6a6-40d4deac4c50_c7283d7e-db63-4070-8064-f3cdba7bbc28.jpg/420x315.jpg,https://www.autoscout24.com/offers/skoda-octavia-style-tdi-diesel-black-bf72b4ee-4d94-4218-a6a6-40d4deac4c50
Skoda,Octavia,2020,26680,EUR,https://prod.pictures.autoscout24.net/listing-images/c00ba581-0adb-45cf-a0dc-cdc07bd8547e_59f2dc15-0510-49c8-a670-8d09b6b90cdd.jpg/420x315.jpg,https://www.autoscout24.com/offers/skoda-octavia-combi-style-2-0-tdi-dsg-navi-led-kessy-climatronic-diesel-black-c00ba581-0adb-45cf-a0dc-cdc07bd8547e
Skoda,Octavia,2021,41590,EUR,https://prod.pictures.autoscout24.net/listing-images/64658aed-6e6e-4487-b1b1-b57caeccb25f_ad8418b3-6511-4cf6-8bd0-5e37ad08b2a5.jpg/420x315.jpg,https://www.autoscout24.com/offers/skoda-octavia-rs-tdi-dsg-diesel-grey-64658aed-6e6e-4487-b1b1-b57caeccb25f
Skoda,Superb,2016,20990,EUR,https://prod.pictures.autoscout24.net/listing-images/e35681fe-f719-42b4-bc61-f1b599d84849_a9ca4de5-0ca4-4363-9ea8-332bcb3e88ae.jpg/420x315.jpg,https://www.autoscout24.com/offers/skoda-superb-style-tdi-scr-dsg-diesel-black-e35681fe-f719-42b4-bc61-f1b599d84849
Skoda,Fabia,2017,11850,EUR,https://prod.pictures.autoscout24.net/listing-images/729aadaf-0b47-4b80-af58-791c77fe2f15_0b916435-0583-4327-93da-e9f21429e1cf.jpg/420x315.jpg,https://www.autoscout24.com/offers/skoda-fabia-combi-1-2-tsi-joy-pdc-shz-tempomat-klima-gasoline-red-729aadaf-0b47-4b80-af58-791c77fe2f15
Skoda,Fabia,2016,10450,EUR,https://prod.pictures.autoscout24.net/listing-images/ee3905a6-b0fc-4d2a-bb00-193976733e06_d0e57edb-2263-45cf-bf76-d090cc90d47b.jpg/420x315.jpg,https://www.autoscout24.com/offers/skoda-fabia-combi-1-2-tsi-joy-pdc-klima-tempomat-klima-gasoline-red-74986e31-347d-49aa-a350-db1f32a3c740
Skoda,Octavia,2020,23950,EUR,https://prod.pictures.autoscout24.net/listing-images/6cccc454-a6ec-457b-804a-cc8418dddfe5_32d742bb-995a-4600-9dbe-67afc4834fb4.jpg/420x315.jpg,https://www.autoscout24.com/offers/skoda-octavia-combi-1-5-tsi-first-edition-klima-navi-gasoline-white-ee3905a6-b0fc-4d2a-bb00-193976733e06
Skoda,Kamiq,2021,29850,EUR,https://prod.pictures.autoscout24.net/listing-images/1bc5c2dd-7de1-4847-99a4-a49c442f6a54_efd7cc40-3055-4086-bfe8-527a65c3dedf.jpg/420x315.jpg,https://www.autoscout24.com/offers/skoda-kamiq-1-5-tsi-dsg-clever-kamera-keyless-navi-klima-navi-gasoline-black-6cccc454-a6ec-457b-804a-cc8418dddfe5
Skoda,Superb,2017,21900,EUR,https://prod.pictures.autoscout24.net/listing-images/db53227e-f84a-4e34-880b-54ca24353722_e6112f93-223c-4f94-8d21-b371f8bb78e3.jpg/420x315.jpg,https://www.autoscout24.com/offers/skoda-superb-combi-1-6-tdi-120pk-greentech-dsg-7-ambition-bns-diesel-blue-1bc5c2dd-7de1-4847-99a4-a49c442f6a54
Skoda,Citigo,2018,5900,EUR,https://prod.pictures.autoscout24.net/listing-images/49f3ca50-464f-4de3-97b7-a26e18daffec_5d45781e-cd20-4564-8573-0f2978b7c8f9.jpg/420x315.jpg,https://www.autoscout24.com/offers/skoda-citigo-clever-klima-1-hand-nur-68161km-gasoline-black-db53227e-f84a-4e34-880b-54ca24353722
Skoda,Octavia,2020,29990,EUR,https://prod.pictures.autoscout24.net/listing-images/88185e9a-80a7-4043-8261-a8c8feeb55da_086cd60a-35a9-4deb-804c-1382d07c60c3.jpg/420x315.jpg,https://www.autoscout24.com/offers/skoda-octavia-octavia-combi-2-0-tdi-dsg-style-diesel-49f3ca50-464f-4de3-97b7-a26e18daffec
Citroen,Berlingo,2016,9990,EUR,https://prod.pictures.autoscout24.net/listing-images/4bc4e8f3-de91-4ef9-bb1b-18858b4dfb2d_9b5a7cbd-b99b-43a4-95d3-63eac20cd2da.jpg/420x315.jpg,https://www.autoscout24.com/offers/citroen-berlingo-1-6-hdi-90-vu-navi-diesel-grey-4bc4e8f3-de91-4ef9-bb1b-18858b4dfb2d
Citroen,C1,2019,10200,EUR,https://prod.pictures.autoscout24.net/listing-images/7b829fd3-9374-46c1-b9fd-7198524ab591_a75ad6f9-76b0-4591-9c8d-8e024bb22c69.jpg/420x315.jpg,https://www.autoscout24.com/offers/citroen-c1-airscape-vti-72-s-s-5-porte-shine-gasoline-red-7b829fd3-9374-46c1-b9fd-7198524ab591
Citroen,C5,2020,23900,EUR,https://prod.pictures.autoscout24.net/listing-images/f1b966c0-f123-446a-a6e5-4393837de470_a82a8e08-ccf6-448e-9bd4-783c5beeb8f0.jpg/420x315.jpg,https://www.autoscout24.com/offers/citroen-c5-aircross-bluehdi-130-s-s-shine-diesel-grey-f1b966c0-f123-446a-a6e5-4393837de470
Citroen,Grand,2015,12600,EUR,https://prod.pictures.autoscout24.net/listing-images/b6334136-af7f-49df-978a-f74b7de8ffb1_df8ef964-99f8-4a4b-9f7e-4d62a5bcd1b7.jpg/420x315.jpg,https://www.autoscout24.com/offers/citroen-grand-c4-picasso-1-6-bluehdi-120-stop-start-eat6-business-diesel-grey-b6334136-af7f-49df-978a-f74b7de8ffb1
Citroen,C4,2014,7900,EUR,https://prod.pictures.autoscout24.net/listing-images/9624aac1-cb7f-4a50-bdcd-0657772c3454_9a2fda7d-1081-4f19-a0b5-daebdb8bcc8b.jpg/420x315.jpg,https://www.autoscout24.com/offers/citroen-c4-1-6-e-hdi-seduction-fap-automat-tiptronic-diesel-grey-9624aac1-cb7f-4a50-bdcd-0657772c3454
Citroen,C4,2017,12945,EUR,https://prod.pictures.autoscout24.net/listing-images/c57860b7-f08b-4bbb-b4f0-5bc6402cde81_7fe6f523-07f0-4831-a3bc-40ff2f1d60dc.jpg/420x315.jpg,https://www.autoscout24.com/offers/citroen-c4-cactus-1-2-puretech-black-edition-automaat-navigatie-cl-gasoline-black-c57860b7-f08b-4bbb-b4f0-5bc6402cde81
Citroen,C5,2021,32990,EUR,https://prod.pictures.autoscout24.net/listing-images/8596fe9a-89db-456e-b758-2ad61ef9a812_a4c01aff-3b99-410b-8fdd-5d497311e992.jpg/420x315.jpg,https://www.autoscout24.com/offers/citroen-c5-aircross-shine-diesel-black-dc9a7bbf-240a-4e5d-b47c-fb03a07473d3
Citroen,Jumper,2017,12999,EUR,https://prod.pictures.autoscout24.net/listing-images/337dd3e3-31cb-4cec-9400-7953dd51c156_e9cc19aa-1427-4b55-adec-11848e79a714.jpg/420x315.jpg,https://www.autoscout24.com/offers/citroen-jumper-diesel-white-337dd3e3-31cb-4cec-9400-7953dd51c156
Citroen,SAXO,2000,2000,EUR,https://prod.pictures.autoscout24.net/listing-images/cda84ca6-a2fb-495c-84b8-88ea2b014576_d237e6f6-b011-4c62-b163-6779440e426f.jpg/420x315.jpg,https://www.autoscout24.com/offers/citroen-saxo-1-4i-cat-3-porte-sx-others-white-cda84ca6-a2fb-495c-84b8-88ea2b014576
Citroen,C3,2018,13600,EUR,https://prod.pictures.autoscout24.net/listing-images/b9472bcc-de6b-40d0-bce9-0b4753e3dd01_8fbed26f-17df-40df-9570-e5555999c67c.jpg/420x315.jpg,https://www.autoscout24.com/offers/citroen-c3-puretech-82cv-shine-pack-tech-ok-neopatentati-led-gasoline-silver-b9472bcc-de6b-40d0-bce9-0b4753e3dd01
Citroen,C1,2009,2750,EUR,https://prod.pictures.autoscout24.net/listing-images/76e65934-7945-493e-806c-77edccc99682_d9121037-a4f6-4670-b33d-fe12d358cdc7.jpg/420x315.jpg,https://www.autoscout24.com/offers/citroen-c1-1-0i-seduction-1eig-in-zeer-goede-staat-gasoline-grey-76e65934-7945-493e-806c-77edccc99682
Citroen,C3,2011,3199,EUR,https://prod.pictures.autoscout24.net/listing-images/1476dca8-ffb0-4983-8762-ad3b6bac1a4c_d67070e6-6703-4bdd-95e0-396ee8509798.jpg/420x315.jpg,https://www.autoscout24.com/offers/citroen-c3-tendance-gasoline-black-1476dca8-ffb0-4983-8762-ad3b6bac1a4c
Citroen,C3,2016,6990,EUR,https://prod.pictures.autoscout24.net/listing-images/c9eaaf24-1545-4681-b92b-71544cee39f3_9e413d86-d80e-4993-a5e6-bd4d31637045.jpg/420x315.jpg,https://www.autoscout24.com/offers/citroen-c3-pure-tech-vti-68-selection-gasoline-white-c9eaaf24-1545-4681-b92b-71544cee39f3
Citroen,C1,2018,8700,EUR,https://prod.pictures.autoscout24.net/listing-images/f7dbebc7-f105-4bb4-af17-96a043cbaf51_2f870f69-af08-43f2-8585-6e3b09a4c459.jpg/420x315.jpg,https://www.autoscout24.com/offers/citroen-c1-airscape-vti-68-feel-gasoline-black-f7dbebc7-f105-4bb4-af17-96a043cbaf51
Citroen,C4,2010,4400,EUR,https://prod.pictures.autoscout24.net/listing-images/6ff9b76c-cb04-4be9-bdca-8ee62dd4a466_3f43b6cf-3d8b-45dc-9839-a1df607e58b4.jpg/420x315.jpg,https://www.autoscout24.com/offers/citroen-c4-picasso-1-6-hdi-tendance-automatik-euro-4-klima-diesel-black-6ff9b76c-cb04-4be9-bdca-8ee62dd4a466
Citroen,Xsara,2007,1750,EUR,https://prod.pictures.autoscout24.net/listing-images/fa058cee-a468-4262-9a36-6bf5be567850_275b6037-7675-4d5a-b9a2-422245a37580.jpg/420x315.jpg,https://www.autoscout24.com/offers/citroen-xsara-picasso-1-6i-dynamique-gasoline-grey-fa058cee-a468-4262-9a36-6bf5be567850
Citroen,Berlingo,2011,5000,EUR,https://prod.pictures.autoscout24.net/listing-images/1a1457c4-b50b-8e4d-e053-0100007f6e5f_1fd3ba88-1528-4c16-b3a2-0af744dac91b.jpg/420x315.jpg,https://www.autoscout24.com/offers/citroen-berlingo-1-6-hdi-multispace-fap-diesel-blue-1a1457c4-b50b-8e4d-e053-0100007f6e5f
Citroen,C3,2017,10990,EUR,https://prod.pictures.autoscout24.net/listing-images/a98380c5-b832-44a1-bf3a-f725ea091a50_4b494931-03ca-492e-8798-99de316772db.jpg/420x315.jpg,https://www.autoscout24.com/offers/citroen-c3-puretech-82-feel-gasoline-grey-a98380c5-b832-44a1-bf3a-f725ea091a50
Citroen,DS5,2012,6890,EUR,https://prod.pictures.autoscout24.net/listing-images/3eca7b16-34f3-4692-8bbe-d61e37d28435_aa3aa775-d122-448b-919b-d71d477a3faa.jpg/420x315.jpg,https://www.autoscout24.com/offers/citroen-ds5-e-hdi-110-egs6-airdream-so-chic-diesel-grey-3eca7b16-34f3-4692-8bbe-d61e37d28435
