marka,model,year,price,currency,ad_link
BMW,X1,2020 ,180900,PLN,https://www.otomoto.pl/oferta/bmw-x1-x1-18d-xdrive-150km-pakiet-m-adaptacyjne-reflektory-led-zestaw-hi-fi-ID6DTFgE.html#4773cd60f9
Audi,A6 2.0,2014 ,72500,PLN,https://www.otomoto.pl/oferta/audi-a6-czujnikmartwegoboseskorakey-lesszyberkameraczujnikigwarancjarok-ID6DTFgw.html#4773cd60f9
Honda,CR-V 2.0,2007 ,31800,PLN,https://www.otomoto.pl/oferta/honda-cr-v-4x4-navi-klimatronik-benzyna-ladna-ID6DTFgq.html#4773cd60f9
BMW,Seria 5,2021 ,49900,PLN,https://www.otomoto.pl/oferta/bmw-seria-5-530i-xdrive-g30-bawaria-motors-katowice-fv23-ID6DTFga.html#4773cd60f9
Kia,Sportage 1.7,2014 ,21900,PLN,https://www.otomoto.pl/oferta/kia-sportage-1-7crdi-116km-full-opcja-bezwypadkowy-oryginal-z-niemiec-ID6DTFg6.html#4773cd60f9
Saab,9-3 1.9TTiD,2007 ,94900,PLN,https://www.otomoto.pl/oferta/saab-9-3-sedan1-9-ttid-180-km-aero-ID6DTFfH.html#4773cd60f9
Volkswagen,Passat,2017 ,130000,PLN,https://www.otomoto.pl/oferta/volkswagen-passat-highline-2-0-tdi-190-km-dsg-i-wl-salon-pl-fv-23-ID6DTFfy.html#4773cd60f9
Volvo,XC 40,2018 ,27000,PLN,https://www.otomoto.pl/oferta/volvo-xc-40-momentum-t3-vat-23-krajowy-bezwypadkowy-ID6DTFeV.html#4773cd60f9
Volkswagen,Passat 1.6,2010 ,171700,PLN,https://www.otomoto.pl/oferta/volkswagen-passat-piekna-limuzyna-volkswagen-passat-bluemotion-bogate-wyposazenie-ID6DTFez.html#4773cd60f9
BMW,i3,2019 ,44900,PLN,https://www.otomoto.pl/oferta/bmw-i3-i3-s-184km-kamera-cofania-szklany-dach-adaptacyjne-reflektory-led-ID6DTFen.html#4773cd60f9
Volvo,V60 Cross,2018 ,45800,PLN,https://www.otomoto.pl/oferta/volvo-v60-pro-awd-ID6DTFee.html#4773cd60f9
Audi,A4 Allroad 2.0,2009 ,7900,PLN,https://www.otomoto.pl/oferta/audi-a4-allroad-ID6DTFea.html#4773cd60f9
Opel,Corsa,2009 ,79999,PLN,https://www.otomoto.pl/oferta/opel-corsa-1-3-cdti-75km-salon-polska-klimatyzacja-super-stan-bez-rdzy-ID6DTFe7.html#4773cd60f9
BMW,X3 xDrive20d,2014 ,19900,PLN,https://www.otomoto.pl/oferta/bmw-x3-bezwypadkowy-maly-przebieg-harman-kardon-kamera-ID6DTFe1.html#4773cd60f9
Skoda,Citigo,2016 ,14700,PLN,https://www.otomoto.pl/oferta/skoda-citigo-skoda-citigo-monte-carlo-lpg-ID6DTFdV.html#4773cd60f9
Chevrolet,Aveo 1.2,2010 ,59900,PLN,https://www.otomoto.pl/oferta/chevrolet-aveo-chevrolet-aveo-1-2-2010-salon-polska-pierwszy-wlasciciel-21113-km-ID6DTFdR.html#4773cd60f9
Audi,Q3,2014 ,14000,PLN,https://www.otomoto.pl/oferta/audi-q3-2-0-tdi-140-km-salon-pl-gwarancja-ID6DTFdK.html#4773cd60f9
Audi,A3 2.0,2006 ,26900,PLN,https://www.otomoto.pl/oferta/audi-a3-audi-a3-2-0-tdi-dpf-mr06-8p-attraction-ID6DTFdz.html#4773cd60f9
Kia,Rio 1.4,2011 ,17400,PLN,https://www.otomoto.pl/oferta/kia-rio-wersja-xl-najbogatsza-1-4-kola-17-bezwypadkowe-serwisiwana-ID6DTFdk.html#4773cd60f9
Peugeot,207 SW,2010 ,26800,PLN,https://www.otomoto.pl/oferta/peugeot-207-sprzedam-peugeot-207sw-opony-zimowe-gratis-ID6DTFdb.html#4773cd60f9
BMW,Seria 7 740i,2000 ,71700,PLN,https://www.otomoto.pl/oferta/bmw-seria-7-niski-przebieg-garazowany-zadbany-szwajcaria-ID6DTFda.html#4773cd60f9
Skoda,Octavia,2019 ,149850,PLN,https://www.otomoto.pl/oferta/skoda-octavia-1-5-tsi-150km-ambition-lellek-uzywane-opole-ID6DTFd5.html#4773cd60f9
BMW,X5 xDrive30d,2014 ,12500,PLN,https://www.otomoto.pl/oferta/bmw-x5-super-oferta-ID6DTFcC.html#4773cd60f9
Seat,Ibiza,2006 ,82900,PLN,https://www.otomoto.pl/oferta/seat-ibiza-1-4-16v-prestige-climatronik-ID6DTFcv.html#4773cd60f9
BMW,Seria 2,2016 ,30900,PLN,https://www.otomoto.pl/oferta/bmw-seria-2-darmowa-dostawa-klima-auto-pdc-navi-skora-kierownica-wielofunkcyj-ID6DTFcr.html#4773cd60f9
Ford,Mondeo 2.0,2013 ,28890,PLN,https://www.otomoto.pl/oferta/ford-mondeo-2-0tdci-163km-titanium-led-oplacony-convers-nowy-rozrzad-ID6DTFcs.html#4773cd60f9
Audi,A1 1.2,2012 ,35900,PLN,https://www.otomoto.pl/oferta/audi-a1-nawigacja-klimatronic-swiatla-dzienne-tempomat-2-kpl-kol-serwisowana-ID6DTFcj.html#4773cd60f9
Skoda,Fabia 1.0,2017 ,99980,PLN,https://www.otomoto.pl/oferta/skoda-fabia-gwarancja-fv23-salonpl-ambition-tsi-95km-1wl-11-2017r-ID6DTFce.html#4773cd60f9
Citroen,C5 Aircross 1.5,2019 ,27900,PLN,https://www.otomoto.pl/oferta/citroen-c5-aircross-131km-full-led-super-oferta-najlepsza-cena-bogate-wyposazenie-ID6DTFbY.html#4773cd60f9
Seat,Tarraco,2021 ,189000,PLN,https://www.otomoto.pl/oferta/seat-tarraco-xcellence-2-0-tsi-190-km-dsg-ID6DTFbV.html#4773cd60f9
Fiat,Panda 1.2,2004 ,5900,PLN,https://www.otomoto.pl/oferta/fiat-panda-2004-r-1-2-klimatronic-ID6DTFbD.html#94d144d987
Opel,Corsa 1.4,2008 ,12000,PLN,https://www.otomoto.pl/oferta/opel-corsa-opel-corsa-d-1-4-90km-ID6DTFb4.html#94d144d987
Ford,Mondeo,2017 ,79900,PLN,https://www.otomoto.pl/oferta/ford-mondeo-titanium-180-km-04-2018-polski-salon-ID6DTFaT.html#94d144d987
Volkswagen,Arteon,2021 ,59899,PLN,https://www.otomoto.pl/oferta/volkswagen-arteon-r-2-0-tsi-320-km-dsg-4motion-odbior-we-wrzesniu-ID6DTFaK.html#94d144d987
Opel,Zafira 2.0,2017 ,29000,PLN,https://www.otomoto.pl/oferta/opel-zafira-salon-fv23-gwarancja-serwisowa-7os-innovation-kamera-cofania-ID6DTFaH.html#94d144d987
BMW,Seria 5 535i,2010 ,31500,PLN,https://www.otomoto.pl/oferta/bmw-seria-5-535i-okazja-ID6DTFaD.html#94d144d987
Nissan,Juke 1.5,2011 ,15900,PLN,https://www.otomoto.pl/oferta/nissan-juke-nissan-juke-1-5-dci-ID6DTFay.html#94d144d987
Audi,A3 1.6,2006 ,49900,PLN,https://www.otomoto.pl/oferta/audi-a3-attraction1-6mpi102psklimatronicalusel-szybyel-lusterkamega-ID6DTFaq.html#94d144d987
Audi,A6 Avant,2012 ,8800,PLN,https://www.otomoto.pl/oferta/audi-a6-audi-a6-avant-2-0-ID6DTFai.html#94d144d987
Nissan,Micra,2006 ,59000,PLN,https://www.otomoto.pl/oferta/nissan-micra-sprowadzony-z-niemiec-oplacony-klima-lift-5d-ID6DTF9Q.html#94d144d987
BMW,Seria 2 218d,2017 ,12900,PLN,https://www.otomoto.pl/oferta/bmw-seria-2-navi-kamera-ostrz-o-kolizji-asystent-pasa-i-parkowania-el-klapa-ID6DTF9O.html#94d144d987
Opel,Astra,2006 ,52999,PLN,https://www.otomoto.pl/oferta/opel-astra-klimatyzacja-elektryka-cabrio-1-6-16v-niemcy-ID6DTF9F.html#94d144d987
Mercedes-Benz,GLK 320,2009 ,12990,PLN,https://www.otomoto.pl/oferta/mercedes-benz-glk-bezwypadkowy-maly-przebieg-zarejestrowany-harman-kardon-ID6DTF9B.html#94d144d987
Renault,Kangoo 1.5,2008 ,17000,PLN,https://www.otomoto.pl/oferta/renault-kangoo-1-5dci2xrozuwane-drzwijsofixklima100-bezwypadkowyuczciwy-stan-ID6DTF9x.html#94d144d987
Ford,Mondeo 2.0,2009 ,62900,PLN,https://www.otomoto.pl/oferta/ford-mondeo-do-sprzedania-ford-mondeo-polski-salon-ID6DTF9w.html#94d144d987
Skoda,Octavia,2019 ,3500,PLN,https://www.otomoto.pl/oferta/skoda-octavia-ID6DTF9t.html#94d144d987
Fiat,Tipo 1.4,2021 ,27000,PLN,https://www.otomoto.pl/oferta/fiat-tipo-sedan-1-4-95-km-czarny-metalik-rabat-6000-2021-r-ID6DTF9p.html#94d144d987
Rover,75,1999 ,5900,PLN,https://www.otomoto.pl/oferta/rover-75-rover-75-2-0-cdt-99-r-ID6DTF9m.html#94d144d987
Audi,A4 1.8,2011 ,49900,PLN,https://www.otomoto.pl/oferta/audi-a4-audi-a4-b8-1-8-tfsi-ID6DTF9a.html#94d144d987
Fiat,Croma 1.9,2005 ,55965,PLN,https://www.otomoto.pl/oferta/fiat-croma-fiat-croma-1-9-diesel-150-km-oryginalny-przebieg-auto-z-niemiec-ID6DTF95.html#94d144d987
Citroen,C4 Grand Picasso 2.0,2015 ,21000,PLN,https://www.otomoto.pl/oferta/citroen-c4-grand-picasso-2-0hdi-150km-7foteli-intensive-led-nawigacja-lopatki-masaze-kamera-ID6DTF94.html#94d144d987
Lada,Niva,2021 ,67900,PLN,https://www.otomoto.pl/oferta/lada-niva-4x4-45500-00-pln-export-ID6DTF8I.html#94d144d987
Mercedes-Benz,SLK,2003 ,75900,PLN,https://www.otomoto.pl/oferta/mercedes-benz-slk-slk-170-cabriolet-ID6DTF8A.html#94d144d987
Audi,A4,2015 ,187999,PLN,https://www.otomoto.pl/oferta/audi-a4-aso-quattro-s-line-navi-xenon-53452-km-jak-nowy-ID6DTF8m.html#94d144d987
Toyota,Auris,2018 ,14900,PLN,https://www.otomoto.pl/oferta/toyota-auris-hybrid-135-premium-comfort-salon-polska-pelny-serwis-1-wlasciciel-ID6DTF8j.html#94d144d987
Lexus,NX,2019 ,10000,PLN,https://www.otomoto.pl/oferta/lexus-nx-300h-fsport-touch-techno-navi-salon-pl-fv23-leasing-ID6DTF8i.html#94d144d987
Mercedes-Benz,W124 (1984-1993),1991 ,43900,PLN,https://www.otomoto.pl/oferta/mercedes-benz-w124-1984-1993-stan-bdb-3-0-diesel-automat-klima-ID6DTF8f.html#94d144d987
Volkswagen,Passat 2.0,2007 ,299000,PLN,https://www.otomoto.pl/oferta/volkswagen-passat-volkswagen-passat-2-0-tdi-ID6DTF7Z.html#94d144d987
Dacia,Duster,2017 ,6900,PLN,https://www.otomoto.pl/oferta/dacia-duster-serwis-navi-2-x-kola-stan-dbd-1-2tce-125km-ID6DTF7Q.html#94d144d987
Jaguar,F-Type Coupe,2019 ,112700,PLN,https://www.otomoto.pl/oferta/jaguar-f-type-salon-pl-gwarancja-1-wlasciciel-vat-ID6DTF7M.html#94d144d987
Audi,A6 3.0,2007 ,23800,PLN,https://www.otomoto.pl/oferta/audi-a6-audi-a6-c6-3-0-tdi-quattro-bixenon-navi-skora-tiptronic-ID6DTF7q.html#178c806280
Smart,Fortwo Standard,2018 ,33900,PLN,https://www.otomoto.pl/oferta/smart-fortwo-serwis-aso-faktura-23-tempomat-mp3-led-ID6DTF7j.html#178c806280
Volkswagen,Polo,2006 ,5500,PLN,https://www.otomoto.pl/oferta/volkswagen-polo-ID6DTF7d.html#178c806280
Ford,Focus 2.3,2016 ,145000,PLN,https://www.otomoto.pl/oferta/ford-focus-focus-rs-black-series-nr-44-ID6DTF6Y.html#178c806280
Opel,Zafira 2.0,2018 ,68899,PLN,https://www.otomoto.pl/oferta/opel-zafira-salon-fv23-gwarancja-serwisowa-7os-innovation-panorama-ID6DTF6X.html#178c806280
Alfa-Romeo,Romeo Stelvio,2021 ,4800,PLN,https://www.otomoto.pl/oferta/alfa-romeo-stelvio-veloce-2-0-280km-asystent-jazdy-w-korku-ID6DTF6W.html#178c806280
Volkswagen,Passat 2.0,2007 ,112900,PLN,https://www.otomoto.pl/oferta/volkswagen-passat-anglik-ID6DTF6J.html#178c806280
Alfa-Romeo,Romeo Stelvio,2021 ,22000,PLN,https://www.otomoto.pl/oferta/alfa-romeo-stelvio-business-bi-ksenon-czujniki-cofania-kamera-teraz-5-lat-gwarancji-ID6DTF6I.html#178c806280
Mitsubishi,Outlander 2.0,2019 ,59900,PLN,https://www.otomoto.pl/oferta/mitsubishi-outlander-imstyle-plus-4x4-automat-full-led-krajowy-7-os-ID6DTF6z.html#178c806280
Alfa-Romeo,Romeo Giulia,2021 ,69900,PLN,https://www.otomoto.pl/oferta/alfa-romeo-giulia-business-kamera-czujniki-parkowania-teraz-z-gwarancja-na-5-lat-ID6DTF6j.html#178c806280
Nissan,Qashqai 1.5,2007 ,17900,PLN,https://www.otomoto.pl/oferta/nissan-qashqai-1-5-dci-bezwypadkowy-swiezo-sprowadzony-z-niemiec-oplacony-ID6DTF5U.html#178c806280
Suzuki,SX4 S-Cross,2017 ,10750,PLN,https://www.otomoto.pl/oferta/suzuki-sx4-s-cross-krajowy-1-wlasciciel-led-kamera-ID6DTF5K.html#178c806280
Lincol,,2014 ,32900,PLN,https://www.otomoto.pl/oferta/lincoln-mkc-2-0-benzyna-biala-perla-full-wyposazenie-przepiekny-ID6DTF5N.html#178c806280
Ford,S-Max 1.8,2008 ,26900,PLN,https://www.otomoto.pl/oferta/ford-s-max-for-s-max-titanium-bezwypadkowy-100-org-przebieg-serwis-aso-ID6DTF5E.html#178c806280
Honda,HR-V 1.6,1999 ,69900,PLN,https://www.otomoto.pl/oferta/honda-hr-v-1-6-benzyna-105km-lpg-4x4-klimatyzacja-ii-wlasciciel-ID6DTF5B.html#178c806280
Jeep,Grand Cherokee,2006 ,12000,PLN,https://www.otomoto.pl/oferta/jeep-grand-cherokee-limited-3-0d-218km-4x4-bogate-wyposazenie-gwarancja-ID6DTF5A.html#178c806280
Opel,Insignia 2.0,2011 ,76500,PLN,https://www.otomoto.pl/oferta/opel-insignia-2-0-diesel-130km-2011r-manual-biala-2xpdc-hatchback-po-oplatach-ID6DTF5g.html#178c806280
Renault,Talisman,2017 ,11900,PLN,https://www.otomoto.pl/oferta/renault-talisman-serwis-automat-full-led-parkassist-ID6DTF56.html#178c806280
Opel,Astra III,2006 ,26500,PLN,https://www.otomoto.pl/oferta/opel-astra-opel-astra-iii-ID6DTF4Y.html#178c806280
Skoda,Scala,2020 ,8400,PLN,https://www.otomoto.pl/oferta/skoda-scala-darmowa-dostawa-vat-23-klima-auto-salon-pl-grzame-fotele-ID6DTF4J.html#178c806280
Opel,Agila 1.2,2008 ,4500,PLN,https://www.otomoto.pl/oferta/opel-agila-ID6DTF4s.html#178c806280
Volkswagen,Touareg 3.0,2005 ,84900,PLN,https://www.otomoto.pl/oferta/volkswagen-touareg-volkswagen-touareg-3-0-tdi-ID6DTF4p.html#178c806280
Ford,Focus 1.6,2007 ,14777,PLN,https://www.otomoto.pl/oferta/ford-focus-klimatronic-serwis-po-oplatach-ID6DTF4j.html#178c806280
Audi,A6 2.7,2005 ,35900,PLN,https://www.otomoto.pl/oferta/audi-a6-audi-a6-c6-2-7-tdi-silnik-zapala-ID6DTF4a.html#178c806280
Audi,A3,2018 ,21900,PLN,https://www.otomoto.pl/oferta/audi-a3-sportback-1-5-tfsi-150km-s-tronic-aso-salonpl-fv23-gwarancja-ID6DTF45.html#178c806280
Opel,Signum,2006 ,15900,PLN,https://www.otomoto.pl/oferta/opel-signum-1-8-140-konie-tempomat-climatronic-komputer-szyberdach-polecam-ID6DTF43.html#178c806280
Skoda,Superb 2.0,2009 ,24900,PLN,https://www.otomoto.pl/oferta/skoda-superb-skoda-superb-ii-ID6DTF3Y.html#178c806280
Hyundai,I30,2011 ,16900,PLN,https://www.otomoto.pl/oferta/hyundai-i30-i30-cw-lift-klimatronic-reling-niski-przebieg-ID6DTF3R.html#178c806280
Suzuki,SX4 1.6,2008 ,59000,PLN,https://www.otomoto.pl/oferta/suzuki-sx4-1-6i-16v-107km-super-stan-100-oryginal-1wlasc-rejestr-256zl-ID6DTF3I.html#178c806280
Volkswagen,Caravelle,2012 ,59900,PLN,https://www.otomoto.pl/oferta/volkswagen-caravelle-2-0-tdi-bitdi-180km-4x4-4motion-1wl-salon-pl-ID6DTF35.html#e1fa481f46
Volvo,V50 1.6D,2005 ,10900,PLN,https://www.otomoto.pl/oferta/volvo-v50-1-6d-109kmklimatronikgrzane-foteletempomatalufelgizadbany-ID6DTF2P.html#e1fa481f46
Mercedes-Benz,SL,1982 ,99000,PLN,https://www.otomoto.pl/oferta/mercedes-benz-sl-mercedes-sl380-w107-ID6DTF2S.html#e1fa481f46
Skoda,Scala 1.0,2020 ,69900,PLN,https://www.otomoto.pl/oferta/skoda-scala-1-0-tsi-110km-salon-polska-serwis-aso-pierwszy-wlasciciel-fv23-ID6DTF2L.html#e1fa481f46
Nissan,Micra 1.4,2005 ,7900,PLN,https://www.otomoto.pl/oferta/nissan-micra-stan-dobry-bogate-wyposazenie-1-4-benzyna-ID6DTF2C.html#e1fa481f46
Ford,Transit Connect (Lang),2013 ,21000,PLN,https://www.otomoto.pl/oferta/ford-transit-connect-ID6DTF2v.html#e1fa481f46
Ford,Fiesta 1.25,2003 ,5500,PLN,https://www.otomoto.pl/oferta/ford-fiesta-ford-fiesta-1-2-ID6DTF2q.html#e1fa481f46
Ford,Mustang 5.0,2014 ,74000,PLN,https://www.otomoto.pl/oferta/ford-mustang-2015-ford-mustang-gt-dobrastronamocy-ID6DTF2m.html#e1fa481f46
Skoda,Octavia 2.0,2018 ,54900,PLN,https://www.otomoto.pl/oferta/skoda-octavia-2-0-tdi-150km-salon-polska-serwis-aso-pierwszy-wlasciciel-fv23-ID6DTF2l.html#e1fa481f46
Ford,Focus 2.3,2017 ,99900,PLN,https://www.otomoto.pl/oferta/ford-focus-ford-focus-rs-duza-navi-dab-ID6DTF2g.html#e1fa481f46
Audi,A4,2001 ,15900,PLN,https://www.otomoto.pl/oferta/audi-a4-quattro-1-8t-oplacony-zadbany-gwarancja-przebiegu-bose-s-line-ID6DTF26.html#e1fa481f46
Renault,Kadjar,2018 ,72900,PLN,https://www.otomoto.pl/oferta/renault-kadjar-kadjar-1-2-energy-tce-s-edition-edc-ID6DTF1Z.html#e1fa481f46
Ford,Transit,2007 ,19900,PLN,https://www.otomoto.pl/oferta/ford-transit-ladny-130-km-l2h3-8-osobowy-zadbany-faktura-vat-23-dlugi-wysoki-ID6DTF1X.html#e1fa481f46
Nissan,Qashqai 2.0,2011 ,39400,PLN,https://www.otomoto.pl/oferta/nissan-qashqai-2-0-benzyna-kamera-navi-serwisowany-ID6DTF1V.html#e1fa481f46
Opel,Vectra GTS,2006 ,11500,PLN,https://www.otomoto.pl/oferta/opel-vectra-opel-vectra-c-2006-gts-ID6DTF1Q.html#e1fa481f46
Ford,Mondeo 2.0,2017 ,69900,PLN,https://www.otomoto.pl/oferta/ford-mondeo-titanium-full-led-bogate-wyposazenie-ID6DTF1N.html#e1fa481f46
Seat,Leon 1.4,2017 ,59900,PLN,https://www.otomoto.pl/oferta/seat-leon-1-4-tsi-125km-fr-salon-polska-serwis-aso-pierwszy-wlasciciel-fv23-ID6DTF1J.html#e1fa481f46
Toyota,Auris,2014 ,39500,PLN,https://www.otomoto.pl/oferta/toyota-auris-od-wlascicielki-z-polskiego-salonu-maly-udokumentowany-przebieg-ID6DTF1z.html#e1fa481f46
Peugeot,Partner Tepee,2009 ,17999,PLN,https://www.otomoto.pl/oferta/peugeot-partner-1-6hdi90km2xrozuwane-drzwiklimagotowy-do-drogizarejestrowany-w-pl-ID6DTF1l.html#e1fa481f46
Opel,Astra GTC,2015 ,35900,PLN,https://www.otomoto.pl/oferta/opel-astra-1-4-turbo-120km-2015r-alufelgi-komplet-kluczy-klimatyzacja-ID6DTF1f.html#e1fa481f46
Seat,Leon 1.4,2016 ,54900,PLN,https://www.otomoto.pl/oferta/seat-leon-1-4tsi-fr-125km-salonpl-1wl-serwisowany-fv23-ID6DTF0X.html#e1fa481f46
Peugeot,607 2.2,2002 ,4000,PLN,https://www.otomoto.pl/oferta/peugeot-607-ID6DTF0Q.html#e1fa481f46
Peugeot,207 CC 120,2009 ,16900,PLN,https://www.otomoto.pl/oferta/peugeot-207-cc-gotowy-do-rejestracji-bezwypadkowy-potwierdzony-przebieg-auta-ID6DTF0J.html#e1fa481f46
Renault,Clio 1.2,2017 ,45900,PLN,https://www.otomoto.pl/oferta/renault-clio-renault-clio-wersja-limited-automat-ID6DTF0K.html#e1fa481f46
Chevrolet,Lacetti,2006 ,5999,PLN,https://www.otomoto.pl/oferta/chevrolet-lacetti-chevrolet-lacetti-1-4-benzyna-gaz-polski-salon-ID6DTF0G.html#e1fa481f46
Ford,Focus 1.6,2012 ,26000,PLN,https://www.otomoto.pl/oferta/ford-focus-ford-focus-salon-polska-ID6DTF0E.html#e1fa481f46
Fiat,Punto Evo,2010 ,17900,PLN,https://www.otomoto.pl/oferta/fiat-punto-evo-krajowy-bezwypadkowy-1-wlasciciel-ID6DTF0B.html#e1fa481f46
Opel,Vectra 1.8,2004 ,7500,PLN,https://www.otomoto.pl/oferta/opel-vectra-opel-vectra-c-kombi-1-8-lpg-2004r-ID6DTF0w.html#e1fa481f46
Audi,A4,2002 ,10800,PLN,https://www.otomoto.pl/oferta/audi-a4-klimatronic-serwis-po-oplatach-ID6DTF0p.html#e1fa481f46
Opel,Zafira,2002 ,2590,PLN,https://www.otomoto.pl/oferta/opel-zafira-2002-r-opc-2-0-dti-klima-fotel-grzany-dlugie-oplaty-do-jazdy-ID6DTF0k.html#e1fa481f46
Mitsubishi,Outlander 2.0,2017 ,85362,PLN,https://www.otomoto.pl/oferta/mitsubishi-outlander-brutto-mitsubishi-outlander-2-0-intense-sda-4wd-cvt-ID6DTF0j.html#e1fa481f46
Audi,A3,2018 ,84900,PLN,https://www.otomoto.pl/oferta/audi-a3-1-5-iwl-salonpl-fv23-ID6DTF0b.html#e1fa481f46
Suzuki,SX4,2009 ,23900,PLN,https://www.otomoto.pl/oferta/suzuki-sx4-100-procent-bezwypadkowy-4x4-sprowadzony-ID6DTEZX.html#4e435f05af
Peugeot,508 SW,2021 ,15500,PLN,https://www.otomoto.pl/oferta/peugeot-508-sw-gt-pack-180km-benzyna-tel-660-017-628-ID6DTEZS.html#4e435f05af
Dacia,Logan,2016 ,3400,PLN,https://www.otomoto.pl/oferta/dacia-logan-zarejestrowany-faktura-vat-marza-ID6DTEZC.html#4e435f05af
Daewoo,Lanos 1.6,2004 ,41999,PLN,https://www.otomoto.pl/oferta/daewoo-lanos-stan-bdb-gaz-i-wlasciciel-sedan-ID6DTEZs.html#4e435f05af
Renault,Megane 1.5,2017 ,99000,PLN,https://www.otomoto.pl/oferta/renault-megane-66-000km-110ps-6-biegow-navigacja-gt-line-super-stan-zarejestrowany-ID6DTEZm.html#4e435f05af
Volkswagen,Passat 1.5,2019 ,65500,PLN,https://www.otomoto.pl/oferta/volkswagen-passat-highline-1-5-tsi-act150-km-dsg-led-top-active-info-kamera-salon-pl-ID6DTEZ6.html#4e435f05af
Mercedes-Benz,Klasa E 200,2013 ,4300,PLN,https://www.otomoto.pl/oferta/mercedes-benz-klasa-e-e200-avantgarde-tempomat-nawigacja-led-czujniki-ID6DTEZ4.html#4e435f05af
Ford,Fiesta 1.3,2002 ,18500,PLN,https://www.otomoto.pl/oferta/ford-fiesta-benzyna-klimatyzacja-oplacony-ID6DTEZ3.html#4e435f05af
Ford,Grand C-MAX 2.0,2011 ,210000,PLN,https://www.otomoto.pl/oferta/ford-grand-c-max-ford-grand-c-max-ID6DTEYV.html#4e435f05af
Porsche,Boxster PDK,2014 ,12500,PLN,https://www.otomoto.pl/oferta/porsche-boxster-porsche-boxster-981-ID6DTEYQ.html#4e435f05af
Opel,Signum 1.9,2008 ,22900,PLN,https://www.otomoto.pl/oferta/opel-signum-prywatne-ID6DTEYA.html#4e435f05af
Toyota,Prius (Hybrid),2007 ,62900,PLN,https://www.otomoto.pl/oferta/toyota-prius-bogata-wersja-bez-korozji-oplacony-ID6DTEYv.html#4e435f05af
Suzuki,Jimny 1.3,2015 ,42900,PLN,https://www.otomoto.pl/oferta/suzuki-jimny-70tyskm-full-opcja-serwis-aso-jak-nowy-skory-1wl-ID6DTEYj.html#4e435f05af
Volkswagen,Golf 1.4,2016 ,135000,PLN,https://www.otomoto.pl/oferta/volkswagen-golf-1-wlasciciel-serwisowany-w-aso-polski-salon-bogato-wyposazony-ID6DTEYi.html#4e435f05af
Audi,A6,2018 ,14900,PLN,https://www.otomoto.pl/oferta/audi-a6-s-line-3-0-benz-quattro-faktura-vat-ID6DTEYd.html#4e435f05af
Fiat,Linea,2011 ,50900,PLN,https://www.otomoto.pl/oferta/fiat-linea-linea-1-4-active-salon-pl-serwisowany-dealer-ID6DTEY0.html#4e435f05af
Mazda,2 SKYACTIV-G,2019 ,3300,PLN,https://www.otomoto.pl/oferta/mazda-2-mazda-2-stan-jak-nowy-bogate-wyposazenie-ID6DTEXT.html#4e435f05af
Toyota,Yaris,2001 ,29900,PLN,https://www.otomoto.pl/oferta/toyota-yaris-toyota-yaris-1-0-ID6DTEXB.html#4e435f05af
Renault,Clio,2021 ,109990,PLN,https://www.otomoto.pl/oferta/renault-clio-clio-1-0-tce-zen-ID6DTEXC.html#4e435f05af
Volkswagen,Touran 1.4,2014 ,36400,PLN,https://www.otomoto.pl/oferta/volkswagen-touran-ID6DTEXa.html#4e435f05af
Kia,Sorento,2015 ,141900,PLN,https://www.otomoto.pl/oferta/kia-sorento-2-2-crdi-200-awd-automat-xl-pakiety-salon-pl-gwarancja-fv-ID6DTEX1.html#4e435f05af
Skoda,Fabia 1.0,2018 ,67900,PLN,https://www.otomoto.pl/oferta/skoda-fabia-ambition-salon-pl-i-wlasciciel-serwis-aso-vat-23-ID6DTEVw.html#4e435f05af
Toyota,Camry,2020 ,49900,PLN,https://www.otomoto.pl/oferta/toyota-camry-toyota-camry-2-5-hybrid-executive-e-cvt-vip-ID6DTEVo.html#4e435f05af
Toyota,Auris,2018 ,41900,PLN,https://www.otomoto.pl/oferta/toyota-auris-1-6-selection-comfort-instalacja-lpg-ID6DTEV9.html#4e435f05af
Honda,Civic,2015 ,15800,PLN,https://www.otomoto.pl/oferta/honda-civic-salon-polska-pierwszy-wlasciciel-1-8-benzyna-140km-sedan-ID6DTEV2.html#4e435f05af
BMW,Seria 3 328i,2012 ,20500,PLN,https://www.otomoto.pl/oferta/bmw-seria-3-ID6DTEWK.html#4e435f05af
Peugeot,207 CC 120,2009 ,13990,PLN,https://www.otomoto.pl/oferta/peugeot-207-cc-skora-grzane-fotele-klimatronik-bezwypadkwy-ID6DTEWB.html#4e435f05af
Volkswagen,Polo 1.4,2013 ,24300,PLN,https://www.otomoto.pl/oferta/volkswagen-polo-volkswagen-polo-6r-ID6DTEWu.html#4e435f05af
Volkswagen,Golf Plus 1.9,2007 ,32900,PLN,https://www.otomoto.pl/oferta/volkswagen-golf-plus-tour-ID6DTEWn.html#4e435f05af
Volvo,S80 2.4D,2008 ,16000,PLN,https://www.otomoto.pl/oferta/volvo-s80-volvo-s80-ID6DTEW6.html#4e435f05af
Toyota,Aygo 1.0,2010 ,15000,PLN,https://www.otomoto.pl/oferta/toyota-aygo-perelka-5-drzwi-klimatyzacja-100000km-ks-serwisowa-z-niemiec-ID6DTEUG.html#684eff33c1
Opel,Astra IV,2010 ,27800,PLN,https://www.otomoto.pl/oferta/opel-astra-1-4t-140km-klimatronik-serwisowany-ksenon-led-ID6DTEUx.html#684eff33c1
Peugeot,208 E-HDi,2013 ,23700,PLN,https://www.otomoto.pl/oferta/peugeot-208-panorama-skorzana-tapicerka-1-6-hdi-allure-navi-najlepszy-silnik-1-6-ID6DTEUo.html#684eff33c1
Renault,Clio,2021 ,26500,PLN,https://www.otomoto.pl/oferta/renault-clio-clio-1-0-tce-zen-lpg-ID6DTEUm.html#684eff33c1
Opel,Insignia,2009 ,3990,PLN,https://www.otomoto.pl/oferta/opel-insignia-ID6DTEUe.html#684eff33c1
Opel,Agila 1.0,2001 ,8000,PLN,https://www.otomoto.pl/oferta/opel-agila-1-0-benzyna-58km-wspomaganie-bezwypadkowy-stan-idealny-ID6DTEUb.html#684eff33c1
BMW,Seria 3 320d,2004 ,1800,PLN,https://www.otomoto.pl/oferta/bmw-seria-3-sprzedam-bmw-e46-2004-ID6DTETM.html#684eff33c1
BMW,Seria 3 316i,2000 ,119777,PLN,https://www.otomoto.pl/oferta/bmw-seria-3-316i-105ps-compact-ID6DTETF.html#684eff33c1
Toyota,Sienna,2018 ,33900,PLN,https://www.otomoto.pl/oferta/toyota-sienna-3-5-v6-296km-se-premiumgwarancjazarejestrowanajedyna-taka-na-rynku-ID6DTETy.html#684eff33c1
Audi,A4 1.8,2008 ,27900,PLN,https://www.otomoto.pl/oferta/audi-a4-s-line-1-8t-160km-19-polskora-serwis-do-konca-z-niemiec-oplacona-e4j-ID6DTETw.html#684eff33c1
Nissan,Juke,2011 ,4200,PLN,https://www.otomoto.pl/oferta/nissan-juke-ID6DTETr.html#684eff33c1
Hyundai,i20 1.2,2021 ,79500,PLN,https://www.otomoto.pl/oferta/hyundai-i20-nowy-i20-1-2-84-km-classic-plus-ID6DTETo.html#684eff33c1
Volkswagen,Passat,1997 ,46500,PLN,https://www.otomoto.pl/oferta/volkswagen-passat-1-6-lpg-bardzo-ladny-okazja-ID6DTETk.html#684eff33c1
Audi,A6 Avant,2015 ,10800,PLN,https://www.otomoto.pl/oferta/audi-a6-2-0-tdi-190-ps-2-x-s-line-ID6DTESV.html#684eff33c1
Citroen,C5 Aircross 1.5,2021 ,49900,PLN,https://www.otomoto.pl/oferta/citroen-c5-aircross-ofe-spec-do-20-06-feel-pack-kamera-navi-martwe-pole-grip-control-ID6DTEST.html#684eff33c1
Skoda,Fabia,2019 ,159900,PLN,https://www.otomoto.pl/oferta/skoda-fabia-1-0-ambition-75km-lpg-pakiet-komfort-ID6DTESl.html#684eff33c1
Alfa-Romeo,Romeo Stelvio 2.0,2021 ,13500,PLN,https://www.otomoto.pl/oferta/alfa-romeo-stelvio-my21-2-0-gme-turbo-benzyna-200-km-at-q4-business-ID6DTESg.html#684eff33c1
Fiat,Grande Punto 1.4,2009 ,159900,PLN,https://www.otomoto.pl/oferta/fiat-grande-punto-klima-alufelgi-6-biegow-gotowy-do-rejestracji-ID6DTES1.html#684eff33c1
Dacia,Lodgy,2017 ,32700,PLN,https://www.otomoto.pl/oferta/dacia-lodgy-1-6-sce-laureate-salon-rp-i-wl-bezwypadkowy-fv23-ID6DTERZ.html#684eff33c1
Volvo,XC 40,2020 ,6900,PLN,https://www.otomoto.pl/oferta/volvo-xc-40-163km-momentum-pro-navi-skora-keyless-kamera-aso-fv23-ID6DTERT.html#684eff33c1
Volkswagen,New Beetle 1.4,2003 ,31900,PLN,https://www.otomoto.pl/oferta/volkswagen-new-beetle-1-4-75km-kabrio-el-dach-felgi-aluminiowe-karbon-ID6DTERk.html#684eff33c1
BMW,X2,2020 ,32900,PLN,https://www.otomoto.pl/oferta/bmw-x2-18d-sdrive-automat-czujniki-navi-gwarancja-fv23-ID6DTERh.html#684eff33c1
Skoda,RAPID 1.4,2016 ,44900,PLN,https://www.otomoto.pl/oferta/skoda-rapid-1-4-tdi-90-km-dsg-klima-salon-pl-fv-23-gwarancja-ID6DTERe.html#684eff33c1
Renault,Laguna,2002 ,186000,PLN,https://www.otomoto.pl/oferta/renault-laguna-1-8-benzyna-gwarancja-oplacony-automat-ID6DTEQZ.html#684eff33c1
Opel,Insignia,2021 ,76900,PLN,https://www.otomoto.pl/oferta/opel-insignia-elegance-1-5-122-automat-0014xg5p-ID6DTEQY.html#684eff33c1
Hyundai,i20 1.2,2021 ,41900,PLN,https://www.otomoto.pl/oferta/hyundai-i20-nowy-i20-1-2-84-km-classic-plus-z-czujnikami-parkowania-ID6DTEQX.html#684eff33c1
Kia,Sportage 2.0,2005 ,12500,PLN,https://www.otomoto.pl/oferta/kia-sportage-sprzedam-kia-sportage-ID6DTEQ6.html#dd7806c495
Citroen,C5 2.0,2011 ,26900,PLN,https://www.otomoto.pl/oferta/citroen-c5-sprzedam-citroen-c5-2011-ID6DTEQ1.html#dd7806c495
Renault,Clio,2002 ,7900,PLN,https://www.otomoto.pl/oferta/renault-clio-1-4-automat-klimatyzacja-oryginal-lakier-sprowadzony-ID6DTEPM.html#dd7806c495
Suzuki,Vitara 1.6,2017 ,68500,PLN,https://www.otomoto.pl/oferta/suzuki-vitara-benz-120km-premium-salonpl-35tys-km-bezwypadkowy-navi-kamera-led-ladny-ID6DTEPL.html#dd7806c495
Mazda,3 1.6,2011 ,24900,PLN,https://www.otomoto.pl/oferta/mazda-3-mazda-3-1-6-full-opcja-100-bezwypadkowy-ID6DTEPG.html#dd7806c495
BMW,Seria 4 435d,2015 ,143900,PLN,https://www.otomoto.pl/oferta/bmw-seria-4-bmw-435d-xdrive-m-pakiet-salon-polska-nowy-silnik-z-aso-ID6DTEPE.html#dd7806c495
Opel,Insignia 2.0,2016 ,45899,PLN,https://www.otomoto.pl/oferta/opel-insignia-salon-fv23-gwarancja-serwisowa-cosmo-led-navi-ID6DTEPw.html#dd7806c495
Volvo,S40 2.4i,2005 ,18900,PLN,https://www.otomoto.pl/oferta/volvo-s40-2-4-170km-benzyna-oplacony-grzane-fotele-serwis-ID6DTEPd.html#dd7806c495
Skoda,Octavia 1.4,2010 ,18000,PLN,https://www.otomoto.pl/oferta/skoda-octavia-skoda-octavia-ii-1-4-tsi-122-km-automat-ID6DTEOQ.html#dd7806c495
Audi,Q3,2021 ,6999,PLN,https://www.otomoto.pl/oferta/audi-q3-ID6DTEOO.html#dd7806c495
Mercedes-Benz,Klasa E,2006 ,2700,PLN,https://www.otomoto.pl/oferta/mercedes-benz-klasa-e-tania-eklasa-220-cdi-ID6DTEOr.html#dd7806c495
Audi,A3,2021 ,59901,PLN,https://www.otomoto.pl/oferta/audi-a3-ID6DTEOn.html#dd7806c495
Renault,Clio,2000 ,7999,PLN,https://www.otomoto.pl/oferta/renault-clio-bialoleka-1-4-benzyna-2000-rok-produkcji-komis-tysiak-ID6DTEOj.html#dd7806c495
Peugeot,Boxer HDi,2016 ,29900,PLN,https://www.otomoto.pl/oferta/peugeot-boxer-2-0-hdi-130km-2-x-klima-9-osobowy-netto-48700-zl-ID6DTEO3.html#dd7806c495
Audi,A6 Allroad,2021 ,20000,PLN,https://www.otomoto.pl/oferta/audi-a6-allroad-ID6DTENY.html#dd7806c495
Ford,Mondeo 2.0,2004 ,79999,PLN,https://www.otomoto.pl/oferta/ford-mondeo-2-0diesel-klimatronik-skora-lublin-ID6DTENX.html#dd7806c495
Audi,A6,2021 ,24900,PLN,https://www.otomoto.pl/oferta/audi-a6-ID6DTENT.html#dd7806c495
Mercedes-Benz,GLE Coupe,2021 ,37900,PLN,https://www.otomoto.pl/oferta/mercedes-benz-gle-dostepny-od-reki-gle-400d-4-matic-zawila-3-sobieslaw-zasada-ID6DTENM.html#dd7806c495
Volkswagen,Passat 1.6,2012 ,34900,PLN,https://www.otomoto.pl/oferta/volkswagen-passat-bluemotion-technology-1-6tdi-105km-pelna-historia-serwisowa-ID6DTENL.html#dd7806c495
Audi,A6,2021 ,11000,PLN,https://www.otomoto.pl/oferta/audi-a6-ID6DTENG.html#dd7806c495
Skoda,Superb 1.4,2020 ,88900,PLN,https://www.otomoto.pl/oferta/skoda-superb-sport-line-iv-plug-in-hybrid-218km-cesja-leasingu-ID6DTENE.html#dd7806c495
Skoda,Octavia 1.5,2019 ,26900,PLN,https://www.otomoto.pl/oferta/skoda-octavia-fl-combi-1-5-tsi-act-150-km-style-amazing-navi-salon-polska-ID6DTENx.html#dd7806c495
Ford,Fiesta,2014 ,15900,PLN,https://www.otomoto.pl/oferta/ford-fiesta-1-0-ecoboost-65km-serwis-niski-przebieg-ID6DTENt.html#dd7806c495
Hyundai,ix35 2.0,2011 ,124900,PLN,https://www.otomoto.pl/oferta/hyundai-ix35-serwis-4x4-panorama-climatronic-keyless-zarejestrowany-rok-gwarancji-ID6DTENn.html#dd7806c495
BMW,Seria 3,2006 ,21000,PLN,https://www.otomoto.pl/oferta/bmw-seria-3-bmw-e90-2-0d-automat-ID6DTEM9.html#f8556b6db3
Kia,Ceed 1.4,2020 ,88500,PLN,https://www.otomoto.pl/oferta/kia-ceed-kia-ceed-l-bl4-1-4t-140km-ID6DTEM6.html#f8556b6db3
Ford,Mondeo 2.0,2009 ,28700,PLN,https://www.otomoto.pl/oferta/ford-mondeo-salon-polska-benzyna-2-0-i-wlasciciel-ghia-ID6DTELX.html#f8556b6db3
BMW,Seria 4,2018 ,159900,PLN,https://www.otomoto.pl/oferta/bmw-seria-4-420d-xdrive-gran-coupe-m-sport-bawaria-motors-katowice-gwarancja-ID6DTELP.html#f8556b6db3
Toyota,C-HR 1.2,2017 ,73500,PLN,https://www.otomoto.pl/oferta/toyota-c-hr-rezerwacja-1-2-t-premium-park-salon-toyota-1-rej-2018-ID6DTELK.html#f8556b6db3
Audi,A6,2015 ,109900,PLN,https://www.otomoto.pl/oferta/audi-a6-2-0-tdiultrasalon-polskaii-wlascicielserwisowanyvat23-ID6DTELA.html#f8556b6db3
BMW,X3,2020 ,239900,PLN,https://www.otomoto.pl/oferta/bmw-x3-x3-xdrive-30i-m-sport-hak-pakiet-business-faktura-vat-23-ID6DTELx.html#f8556b6db3
Alfa-Romeo,Romeo Mito 1.4,2011 ,22800,PLN,https://www.otomoto.pl/oferta/alfa-romeo-mito-klimatronik-tempomat-aluminiowe-felgi-ID6DTELk.html#f8556b6db3
Volkswagen,Passat Alltrack,2017 ,90000,PLN,https://www.otomoto.pl/oferta/volkswagen-passat-alltrack-2-0-tdi-190km-scr-4mot-panorama-nawigacja-salon-pl-f-vat23-ID6DTELd.html#f8556b6db3
MINI,Cooper S,2019 ,108900,PLN,https://www.otomoto.pl/oferta/mini-cooper-s-13000-km-ID6DTEKV.html#f8556b6db3
Opel,Corsa 1.2,2009 ,12900,PLN,https://www.otomoto.pl/oferta/opel-corsa-1-2-benzyna-80km-klimatyzacja-el-szyby-5-drzwi-polecam-ID6DTEKO.html#f8556b6db3
Skoda,Octavia 1.9,2007 ,15900,PLN,https://www.otomoto.pl/oferta/skoda-octavia-skoda-octavia-kombi-1-9-ID6DTEKL.html#f8556b6db3
Honda,City 1.4,2010 ,24500,PLN,https://www.otomoto.pl/oferta/honda-city-honda-city-1-4-100km-grudzien-2010-65-400-km-ID6DTEKI.html#f8556b6db3
Toyota,Corolla,2021 ,119900,PLN,https://www.otomoto.pl/oferta/toyota-corolla-toyota-corolla-2-0-hybrid-comfort-style-tech-ID6DTEKp.html#f8556b6db3
Volkswagen,up! 1.0,2021 ,6999,PLN,https://www.otomoto.pl/oferta/volkswagen-up-podgrzewane-fotele-bluetooth-klimatyzacja-odbior-czerwiec-ID6DTEKi.html#f8556b6db3
Mitsubishi,Colt 1.1,2005 ,24400,PLN,https://www.otomoto.pl/oferta/mitsubishi-colt-zadbany-benzyna-klimatyzacja-ID6DTEK2.html#f8556b6db3
Hyundai,Santa Fe,2020 ,219000,PLN,https://www.otomoto.pl/oferta/hyundai-santa-fe-platinum-1-6-t-gdi-hev-4wd-230km-at-kamera-cofania-swiatla-led-ID6DTEJU.html#f8556b6db3
Skoda,Octavia,2021 ,22900,PLN,https://www.otomoto.pl/oferta/skoda-octavia-style-1-4-tsi-iv-204-km-dsg-pakiet-selection-kessy-full-ID6DTEJL.html#f8556b6db3
Audi,A4,2009 ,7600,PLN,https://www.otomoto.pl/oferta/audi-a4-ID6DTEJE.html#f8556b6db3
Cadillac,Escalade,2016 ,26900,PLN,https://www.otomoto.pl/oferta/cadillac-escalade-6-2-v8-425-km-premium-bezwypadkowy-ID6DTEJu.html#f8556b6db3
Volkswagen,Golf 1.2,2011 ,139000,PLN,https://www.otomoto.pl/oferta/volkswagen-golf-volkswagen-golf-vi-1-2-tsi-105km-ID6DTEJt.html#f8556b6db3
Kia,Ceed 1.6,2007 ,54900,PLN,https://www.otomoto.pl/oferta/kia-ceed-ID6DTEJ9.html#f8556b6db3
Dacia,Sandero,2021 ,142000,PLN,https://www.otomoto.pl/oferta/dacia-sandero-sandero-stepway-1-0-tce-comfort-lpg-ID6DTEIV.html#f8556b6db3
Fiat,Panda 1.2,2013 ,10500,PLN,https://www.otomoto.pl/oferta/fiat-panda-salon-pl-lpg-bezwypadkowy-ii-wlasciciel-min-przebieg-ID6DTEIU.html#f8556b6db3
BMW,Seria 5 520d,2018 ,19900,PLN,https://www.otomoto.pl/oferta/bmw-seria-5-2-0d-190km-xdrive-sport-line-hak-ID6DTEIR.html#f8556b6db3
Kia,Venga 1.4,2018 ,81900,PLN,https://www.otomoto.pl/oferta/kia-venga-1-4-90km-salon-pl-m-gwarancja-serwisowany-ID6DTEIz.html#f8556b6db3
BMW,X5,2015 ,1799,PLN,https://www.otomoto.pl/oferta/bmw-x5-polski-salon-i-reka-bezwypadek-serwisowany-ID6DTEIv.html#f8556b6db3
Chevrolet,Spark 1.0,2011 ,11900,PLN,https://www.otomoto.pl/oferta/chevrolet-spark-zadbany-bezwypadkowy-ID6DTEIt.html#f8556b6db3
Opel,Astra III,2005 ,94003,PLN,https://www.otomoto.pl/oferta/opel-astra-ID6DTEHL.html#f2e2499bed
BMW,Seria 5 530i,2003 ,24000,PLN,https://www.otomoto.pl/oferta/bmw-seria-5-bmw-e60-ID6DTEHD.html#f2e2499bed
Hyundai,i20 1.2,2018 ,39800,PLN,https://www.otomoto.pl/oferta/hyundai-i20-1-2-84km-salon-pl-fv23-ID6DTEHB.html#f2e2499bed
Renault,Megane II,2007 ,6200,PLN,https://www.otomoto.pl/oferta/renault-megane-renault-megane-ii-1-5-dci-105km-ID6DTEHl.html#f2e2499bed
Volkswagen,Passat 1.9,2008 ,14999,PLN,https://www.otomoto.pl/oferta/volkswagen-passat-1-9tdi-215tkm-sedan-bezwypadkowy-zarejestrowany-ID6DTEH7.html#f2e2499bed
Kia,Pro_cee'd Pro,2008 ,12000,PLN,https://www.otomoto.pl/oferta/kia-pro-ceed-kia-pro-ceed-ID6DTEH6.html#f2e2499bed
Kia,Ceed Cee'd,2012 ,14000,PLN,https://www.otomoto.pl/oferta/kia-ceed-kia-ceed-ii-1-6-crdi-2012-sprawny-silnik-zadbana-ID6DTEGY.html#f2e2499bed
Audi,A6 2.7,2007 ,17900,PLN,https://www.otomoto.pl/oferta/audi-a6-audi-a6-c6-super-stan-ID6DTEGy.html#f2e2499bed
Dacia,Dokker Express,2017 ,30000,PLN,https://www.otomoto.pl/oferta/dacia-dokker-dacia-dokker-2017r-1-5-ID6DTEGt.html#f2e2499bed
Mazda,3 1.6,2006 ,10900,PLN,https://www.otomoto.pl/oferta/mazda-3-bardzo-zadbana-ID6DTEGs.html#f2e2499bed
Opel,Astra IV,2012 ,24900,PLN,https://www.otomoto.pl/oferta/opel-astra-navi-klima-tempomat-i-wiele-wiecej-ID6DTEFR.html#f2e2499bed
Toyota,RAV4,2021 ,24000,PLN,https://www.otomoto.pl/oferta/toyota-rav4-comfort-2-5-hybrid-222km-super-cena-okazja-pakiet-style-kamera-ID6DTEFm.html#f2e2499bed
Mercedes-Benz,GLE,2021 ,29900,PLN,https://www.otomoto.pl/oferta/mercedes-benz-gle-mercedes-benz-gle-350-e-4matic-suv-sosnowiec-ID6DTEFg.html#f2e2499bed
Mercedes-Benz,GLE Coupe,2021 ,19900,PLN,https://www.otomoto.pl/oferta/mercedes-benz-gle-dostepny-od-reki-gle-400d-4-matic-zawila-3-sobieslaw-zasada-ID6DTEEP.html#f2e2499bed
Citroen,C1 1.0,2015 ,19400,PLN,https://www.otomoto.pl/oferta/citroen-c1-citroen-c1-otwierany-dach-klimatyzacja-kamera-ID6DTEEB.html#f2e2499bed
Kia,Ceed 1.4,2013 ,22500,PLN,https://www.otomoto.pl/oferta/kia-ceed-piekny-czarny-100-udokumentowany-przebieg-gwarancja-ID6DTEEz.html#f2e2499bed
Volvo,S60,2020 ,21500,PLN,https://www.otomoto.pl/oferta/volvo-s60-b4-b-211km-r-design-zadzwon-i-zarezerwuj-juz-dzis-ID6DTEEj.html#f2e2499bed
Peugeot,208,2020 ,27000,PLN,https://www.otomoto.pl/oferta/peugeot-208-gt-line-1-2-puretech-100km-2wd-ogrzewane-fotele-nawigacja-ID6DTEE8.html#f2e2499bed
Hyundai,Santa Fe,2006 ,28000,PLN,https://www.otomoto.pl/oferta/hyundai-santa-fe-bogate-wyposazenie-mozliwa-zamiana-ID6DTEE2.html#f2e2499bed
Kia,Sportage,2005 ,58000,PLN,https://www.otomoto.pl/oferta/kia-sportage-4x4-active-166tys-oryginalny-przebieg-100-oryginalny-lakier-niemcy-ID6DTEDY.html#f2e2499bed
Volkswagen,Passat CC 2.0,2010 ,56580,PLN,https://www.otomoto.pl/oferta/volkswagen-passat-cc-2-0tdi-140km-6-biegow-polski-salon-serwisowany-ID6DTEDV.html#f2e2499bed
Peugeot,208,2020 ,69900,PLN,https://www.otomoto.pl/oferta/peugeot-208-gt-line-1-2-puretech-100km-eat8-ogrzewane-fotele-nawigacja-ID6DTEDS.html#f2e2499bed
Lancia,Musa,2012 ,18000,PLN,https://www.otomoto.pl/oferta/lancia-musa-ID6DTEDM.html#f2e2499bed
Audi,A3 1.6,2010 ,27000,PLN,https://www.otomoto.pl/oferta/audi-a3-audi-a3-8p-diesel-ID6DTEDK.html#f2e2499bed
Mitsubishi,Pajero Pinin 1.8,2002 ,8800,PLN,https://www.otomoto.pl/oferta/mitsubishi-pajero-pinin-4x4-krotki-z-sekwencyjnym-gazem-swiezo-po-przegladzie-ID6DTECT.html#e206119c7c
Renault,Laguna II,2005 ,14800,PLN,https://www.otomoto.pl/oferta/renault-laguna-ID6DTECS.html#e206119c7c
Seat,Ibiza SC,2012 ,19900,PLN,https://www.otomoto.pl/oferta/seat-ibiza-1-2-benzyna-bezwypadkowy-bogate-wyposazenie-idealny-stan-ID6DTECQ.html#e206119c7c
Opel,Insignia,2014 ,40900,PLN,https://www.otomoto.pl/oferta/opel-insignia-1-4turbo-benzyna140kmlakier-fabrycznyledy-liftdrugie-kolaoplacon-ID6DTECM.html#e206119c7c
Ford,Kuga 2.0,2012 ,38900,PLN,https://www.otomoto.pl/oferta/ford-kuga-2-0tdci-140km-4x4-pol-skora-klimatronik-parktronik-aso-ID6DTECC.html#e206119c7c
BMW,Seria 3 320d,2010 ,23900,PLN,https://www.otomoto.pl/oferta/bmw-seria-3-320dnavicz-parksport-fotelealubezwyp-ID6DTECu.html#e206119c7c
Peugeot,207 CC 120,2008 ,14800,PLN,https://www.otomoto.pl/oferta/peugeot-207-cc-bezwypadkowy-przebieg-udokumentowany-ID6DTECo.html#e206119c7c
Audi,A3,2000 ,6000,PLN,https://www.otomoto.pl/oferta/audi-a3-lift-1-6i-benzynka-climatronic-wspomaganie-5-drzwi-alu-po-oplatach-ID6DTECm.html#e206119c7c
Seat,Altea XL 1.4,2010 ,18900,PLN,https://www.otomoto.pl/oferta/seat-altea-xl-1-4-tsi-125km-style-lift-gwarancja-okazja-ID6DTECg.html#e206119c7c
Kia,Optima 1.7,2011 ,36900,PLN,https://www.otomoto.pl/oferta/kia-optima-kia-optima-1-7-crdi-automat-salon-polska-serwisowana-w-aso-ID6DTECf.html#e206119c7c
Volkswagen,Golf IV,2003 ,7500,PLN,https://www.otomoto.pl/oferta/volkswagen-golf-volkswagen-golf-1-4-b-g-ID6DTECc.html#e206119c7c
Skoda,Octavia 1.9,2007 ,14900,PLN,https://www.otomoto.pl/oferta/skoda-octavia-1-9-tdi-105km-2007r-elegance-dsg-klimax2-bez-rdzy-tempomat-mp3-ID6DTEC9.html#e206119c7c
Toyota,Corolla,2021 ,71900,PLN,https://www.otomoto.pl/oferta/toyota-corolla-comfort-1-8-hybrid-122km-super-cena-okazja-ID6DTEBZ.html#e206119c7c
Ford,Kuga 1.5,2019 ,5500,PLN,https://www.otomoto.pl/oferta/ford-kuga-kamera-cofania-led-alu-automat-ID6DTEBY.html#e206119c7c
Mercedes-Benz,Klasa S,1982 ,11800,PLN,https://www.otomoto.pl/oferta/mercedes-benz-klasa-s-mercedes-w126-280se-ID6DTEBW.html#e206119c7c
Chevrolet,Aveo 1.2,2010 ,42899,PLN,https://www.otomoto.pl/oferta/chevrolet-aveo-1-2-benzyna-i-rejestracja-2011-klima-bezwypadkowy-ID6DTEBR.html#e206119c7c
Opel,Astra 1.6,2018 ,25900,PLN,https://www.otomoto.pl/oferta/opel-astra-salon-fv23-gwarancja-serwisowa-premium-navi-ID6DTEBE.html#e206119c7c
Ford,S-Max 2.0,2009 ,3500,PLN,https://www.otomoto.pl/oferta/ford-s-max-2-0tdci-titanium-converse-skory-navi-100-bezwypadkowy-bardzo-zadbany-ID6DTEBA.html#e206119c7c
Ford,Focus 1.6,2007 ,62000,PLN,https://www.otomoto.pl/oferta/ford-focus-sprzedam-ford-focus-1-6i-amber-x-ID6DTEBs.html#e206119c7c
Saab,9-5 2.8,2010 ,46500,PLN,https://www.otomoto.pl/oferta/saab-9-5-saab-9-5-aero-t6-2-8t-wlasciciel-ID6DTEBp.html#e206119c7c
Peugeot,208,2021 ,12500,PLN,https://www.otomoto.pl/oferta/peugeot-208-allure-1-2-puretech-100km-2wd-mt-visiopack-nawigacja-ID6DTEBf.html#e206119c7c
Audi,A6 40,2021 ,46900,PLN,https://www.otomoto.pl/oferta/audi-a6-od-reki-s-line-matrix-led-nawigacja-alcantara-czern-ID6DTEAR.html#e206119c7c
Lexus,ES 300h,2021 ,259000,PLN,https://www.otomoto.pl/oferta/lexus-es-od-reki-lexus-es-300h-business-edition-panorama-ID6DTEAQ.html#e206119c7c
Toyota,Yaris,2018 ,36500,PLN,https://www.otomoto.pl/oferta/toyota-yaris-1-5-active-ID6DTEAO.html#e206119c7c
Honda,Civic,2006 ,89900,PLN,https://www.otomoto.pl/oferta/honda-civic-ufo2-2dieselzarejestrowana-ID6DTEAF.html#e206119c7c
Toyota,Yaris,2018 ,29900,PLN,https://www.otomoto.pl/oferta/toyota-yaris-1-5-active-ID6DTEAG.html#e206119c7c
Land-Rover,Rover Range Rover 4.4SD,2015 ,71900,PLN,https://www.otomoto.pl/oferta/land-rover-range-rover-range-rover-autobiography-salon-polska-4-4-v8-bezwypadkowy-fv23-ID6DTEAB.html#e206119c7c
Toyota,RAV4,2017 ,110900,PLN,https://www.otomoto.pl/oferta/toyota-rav4-hybrid-premium-4x4-navi-style-ID6DTEAm.html#2ac65adb54
Suzuki,Swift,2021 ,8500,PLN,https://www.otomoto.pl/oferta/suzuki-swift-1-2-dualjet-premium-plus-83km-pakiet-zimowy-swiatla-led-ID6DTEAl.html#2ac65adb54
Fiat,Punto 1.3,2008 ,16800,PLN,https://www.otomoto.pl/oferta/fiat-punto-fiat-punto-grande-multijet-1-3-disel-ID6DTEAi.html#2ac65adb54
Fiat,Punto 1.2,2011 ,24900,PLN,https://www.otomoto.pl/oferta/fiat-punto-krajowy-pierwszy-wlasciciel-ID6DTEAb.html#2ac65adb54
Ford,Mondeo 2.0,2008 ,5500,PLN,https://www.otomoto.pl/oferta/ford-mondeo-nawigacja-xenon-skora-full-elektryka-niski-przebieg-ID6DTEA7.html#2ac65adb54
Ford,Focus 1.6,2007 ,74900,PLN,https://www.otomoto.pl/oferta/ford-focus-ford-focus-mk2-ID6DTEzY.html#2ac65adb54
Toyota,C-HR,2017 ,163900,PLN,https://www.otomoto.pl/oferta/toyota-c-hr-1-2-t-premium-ID6DTEzZ.html#2ac65adb54
Mercedes-Benz,GLE 250,2018 ,121900,PLN,https://www.otomoto.pl/oferta/mercedes-benz-gle-pakiet-amg-2-2-cdi-204km-zamiana-gwarancja-zarejestrowany-ID6DTEzW.html#2ac65adb54
Toyota,C-HR,2020 ,83900,PLN,https://www.otomoto.pl/oferta/toyota-c-hr-164-toyota-c-hr-2-0-hybrid-selection-salon-pl-ID6DTEzK.html#2ac65adb54
Ford,F150,2013 ,140000,PLN,https://www.otomoto.pl/oferta/ford-f150-5-5-385km-lpg-zamiana-ID6DTEzH.html#2ac65adb54
BMW,Seria 4 420i,2020 ,250000,PLN,https://www.otomoto.pl/oferta/bmw-seria-4-advantage-xdrive-fv23-cena-netto-113-821-14-pln-ID6DTEzF.html#2ac65adb54
BMW,X4 xDrive20d,2020 ,79900,PLN,https://www.otomoto.pl/oferta/bmw-x4-x4-xdrive20d-ID6DTEzz.html#2ac65adb54
Skoda,Kamiq 1.0,2019 ,110900,PLN,https://www.otomoto.pl/oferta/skoda-kamiq-1-0-tsi-115km-style-salon-polska-serwis-aso-pierwszy-wlasciciel-ID6DTEzq.html#2ac65adb54
Toyota,C-HR,2020 ,31500,PLN,https://www.otomoto.pl/oferta/toyota-c-hr-163-toyota-c-hr-2-0-hybrid-style-aso-salon-pl-ID6DTEzn.html#2ac65adb54
Ford,Fiesta,2017 ,194700,PLN,https://www.otomoto.pl/oferta/ford-fiesta-sprzedam-forda-fieste-z-2017r-ID6DTEzj.html#2ac65adb54
Audi,A4,2020 ,86800,PLN,https://www.otomoto.pl/oferta/audi-a4-s-line-40-tfsi-140-kw-190-km-s-tronic-ID6DTEzg.html#2ac65adb54
Kia,Sorento 2.0,2016 ,16500,PLN,https://www.otomoto.pl/oferta/kia-sorento-2-0-184km-xl-4x4-salon-polska-i-wlasciciel-vat-23-ID6DTEz9.html#2ac65adb54
Toyota,Corolla,2021 ,44900,PLN,https://www.otomoto.pl/oferta/toyota-corolla-comfort-1-5-vvt-i-125-km-6-m-t-super-cena-okazja-ID6DTEz8.html#2ac65adb54
Dacia,Logan 1.2,2014 ,19500,PLN,https://www.otomoto.pl/oferta/dacia-logan-dacia-logan-ii-1-2-benzyna-gaz-ID6DTEz2.html#2ac65adb54
Audi,A4 Avant,2012 ,45900,PLN,https://www.otomoto.pl/oferta/audi-a4-1-8t-170ps-klimatro-gwarancja-ID6DTEyX.html#2ac65adb54
Mercedes-Benz,Klasa E 220,2009 ,39900,PLN,https://www.otomoto.pl/oferta/mercedes-benz-klasa-e-bez-wkladu-ID6DTEyN.html#2ac65adb54
Ford,Galaxy 2.0,2014 ,5300,PLN,https://www.otomoto.pl/oferta/ford-galaxy-convers-ksiazka-serwisowa-kolorowa-nawigacja-7-osob-ID6DTEyI.html#2ac65adb54
Nissan,Navara 2.5,2008 ,25000,PLN,https://www.otomoto.pl/oferta/nissan-navara-nissan-navara-d40-2008-rok-ID6DTEyC.html#2ac65adb54
Nissan,Primera 1.9,2005 ,36900,PLN,https://www.otomoto.pl/oferta/nissan-primera-nissan-primera-p12-ID6DTEyy.html#2ac65adb54
Opel,Grandland X,2021 ,20700,PLN,https://www.otomoto.pl/oferta/opel-grandland-x-edition-1-2-130-km-automat-0091xgfl-ID6DTEyr.html#2ac65adb54
Toyota,Corolla,2021 ,4900,PLN,https://www.otomoto.pl/oferta/toyota-corolla-comfort-1-8-hybrid-122km-e-cvt-super-cena-okazja-ID6DTEyq.html#2ac65adb54
Toyota,Corolla,2021 ,22000,PLN,https://www.otomoto.pl/oferta/toyota-corolla-comfort-1-8-hybrid-122km-super-cena-okazja-ID6DTExE.html#20a55c681a
Hyundai,i10,2021 ,15999,PLN,https://www.otomoto.pl/oferta/hyundai-i10-i10-5dr-1-0-5mt-access-ID6DTExt.html#20a55c681a
Skoda,Fabia 1.0,2017 ,134700,PLN,https://www.otomoto.pl/oferta/skoda-fabia-sprzedam-skoda-fabia3-12-2017-po-leasingu-ID6DTExg.html#20a55c681a
Kia,Venga,2009 ,129900,PLN,https://www.otomoto.pl/oferta/kia-venga-benzyna-klima-bez-wkladu-ID6DTExb.html#20a55c681a
Mazda,CX-30,2020 ,77900,PLN,https://www.otomoto.pl/oferta/mazda-cx-30-cx-30-5dr-suv-2-0l-skyactiv-x-180km-6at-4x4-hikari-luxury-pack-ID6DTEx3.html#20a55c681a
Mazda,3 2.0,2019 ,16800,PLN,https://www.otomoto.pl/oferta/mazda-3-hikari-luxury-pack-automat-4x4-pierwsza-rej-07-2020-ID6DTEvW.html#20a55c681a
Audi,A6 2.0,2014 ,55900,PLN,https://www.otomoto.pl/oferta/audi-a6-2-0-tdi-sline-sportowy-fotel-kolor-daytona-salonpl-ID6DTEvT.html#20a55c681a
Audi,A6 40,2021 ,4900,PLN,https://www.otomoto.pl/oferta/audi-a6-od-reki-s-line-czern-8-pakietow-nawigacja-alcantara-skora-ID6DTEvM.html#20a55c681a
Toyota,RAV4,2021 ,60000,PLN,https://www.otomoto.pl/oferta/toyota-rav4-selection-2-5-hybrid-218km-mega-rabat-okazja-ID6DTEvC.html#20a55c681a
Volkswagen,Golf Plus 1.9,2008 ,29900,PLN,https://www.otomoto.pl/oferta/volkswagen-golf-plus-1-9-tdi-united-ID6DTEvx.html#20a55c681a
Renault,Captur 1.0,2021 ,117900,PLN,https://www.otomoto.pl/oferta/renault-captur-zen-1-0-tce-90-ID6DTEvs.html#20a55c681a
Mazda,3 SKYACTIV-G,2014 ,19999,PLN,https://www.otomoto.pl/oferta/mazda-3-skyenergy-xenon-navi-2-0-hb-165km-6mt-od-reki-ID6DTEvn.html#20a55c681a
Toyota,Yaris 1.0,2003 ,5500,PLN,https://www.otomoto.pl/oferta/toyota-yaris-ID6DTEvm.html#20a55c681a
Opel,Zafira 1.6,2019 ,120000,PLN,https://www.otomoto.pl/oferta/opel-zafira-1-6-benzyna-136km-navigacjapdcgrzana-kierownica-fotele-aso-ID6DTEvd.html#20a55c681a
BMW,Seria 5 520i,2009 ,11900,PLN,https://www.otomoto.pl/oferta/bmw-seria-5-salon-polskaskoranaviksenonpdc-ID6DTEv9.html#20a55c681a
Peugeot,5008 BlueHDI,2018 ,54900,PLN,https://www.otomoto.pl/oferta/peugeot-5008-2-0-hdi-nawigacja-climatronic-panorama-7-foteli-zadbany-ID6DTEv6.html#20a55c681a
Hyundai,i20 1.2,2014 ,22500,PLN,https://www.otomoto.pl/oferta/hyundai-i20-1-2-86km-5drzwi-klima-tylko-105tys-z-niemiec-oplacony-ID6DTEwT.html#20a55c681a
Toyota,Corolla,2021 ,92900,PLN,https://www.otomoto.pl/oferta/toyota-corolla-comfort-2-0-hybrid-184km-super-rabat-okazja-ID6DTEwq.html#20a55c681a
Toyota,Corolla 2.0,2003 ,10400,PLN,https://www.otomoto.pl/oferta/toyota-corolla-ID6DTEwj.html#20a55c681a
Honda,Civic 2.0,2007 ,15900,PLN,https://www.otomoto.pl/oferta/honda-civic-honda-civic-ufo-rajdowka-wyscigowka-263-km-sekwencja-proflex-ID6DTEw3.html#20a55c681a
Toyota,Avensis,2004 ,61899,PLN,https://www.otomoto.pl/oferta/toyota-avensis-2-0-benzyna-147km-faktura-vat-marza-ID6DTEw2.html#20a55c681a
Kia,Ceed 1.4,2019 ,44000,PLN,https://www.otomoto.pl/oferta/kia-ceed-1-4-benzyna-100km-salon-pl-iwl-serwis-aso-fv23-ID6DTEw1.html#20a55c681a
Opel,Meriva 1.4,2011 ,46990,PLN,https://www.otomoto.pl/oferta/opel-meriva-1-4-turbo-ID6DTEuT.html#20a55c681a
Honda,Odyssey,2015 ,11900,PLN,https://www.otomoto.pl/oferta/honda-odyssey-touring-elite-8osob-dvd-skory-navi-odkurzacz-xenon-blindspot-ID6DTEuS.html#20a55c681a
Toyota,RAV4,2021 ,49900,PLN,https://www.otomoto.pl/oferta/toyota-rav4-comfort-2-5-hybrid-222km-super-cena-okazja-ID6DTEuA.html#20a55c681a
Skoda,RAPID 1.0,2018 ,49900,PLN,https://www.otomoto.pl/oferta/skoda-rapid-1-0-tsi-110km-ambition-podgrzewane-fotele-bluetooth-gwarancja-fv23-ID6DTEty.html#ac7236e7d9
Volvo,XC 90 2.4,2004 ,33000,PLN,https://www.otomoto.pl/oferta/volvo-xc-90-ID6DTEtu.html#ac7236e7d9
Audi,A6 2.0,2014 ,58000,PLN,https://www.otomoto.pl/oferta/audi-a6-2014-rok-2-0-diesel-bezwypadkowy-super-stan-ID6DTEto.html#ac7236e7d9
BMW,Seria 3,2015 ,61900,PLN,https://www.otomoto.pl/oferta/bmw-seria-3-polski-salon-gwarancja-ID6DTEtm.html#ac7236e7d9
Audi,A4 1.6,2004 ,13990,PLN,https://www.otomoto.pl/oferta/audi-a4-1-6-benz-102km-klimatronik-podgrz-siedzenia-alufelgi-zadbane-ID6DTEtk.html#ac7236e7d9
Opel,Insignia 1.8,2011 ,31000,PLN,https://www.otomoto.pl/oferta/opel-insignia-opel-insignia-ID6DTEtf.html#ac7236e7d9
Citroen,C5 2.0,2010 ,27900,PLN,https://www.otomoto.pl/oferta/citroen-c5-polskora-navi-alu1-exclusive-masaze-podg-fotele-hydro-ID6DTEte.html#ac7236e7d9
Volkswagen,Passat,2015 ,46900,PLN,https://www.otomoto.pl/oferta/volkswagen-passat-bezwypadkowyksiazka-serwisowa12-mieieczna-gwarancjazarejestrowany-ID6DTEt1.html#ac7236e7d9
Chevrolet,Captiva 2.0,2006 ,15999,PLN,https://www.otomoto.pl/oferta/chevrolet-captiva-4x4-sprowadzony-pelen-serwis-aso-orygial-top-polecam-ID6DTEsR.html#ac7236e7d9
BMW,X4 xDrive20d,2017 ,135000,PLN,https://www.otomoto.pl/oferta/bmw-x4-bmw-x4-xdrive20d-polski-salon-ID6DTEsN.html#ac7236e7d9
Toyota,Prius Plug-in,2020 ,119700,PLN,https://www.otomoto.pl/oferta/toyota-prius-prime-plug-in-duzy-ekran-skory-jak-nowy-5-osobowy-ID6DTEsI.html#ac7236e7d9
Alfa-Romeo,Romeo Giulia 2.0,2016 ,84900,PLN,https://www.otomoto.pl/oferta/alfa-romeo-giulia-alfa-romeo-giulia-salon-pl-serwis-aso-ID6DTEsG.html#ac7236e7d9
Volvo,V70 2.4,2004 ,9500,PLN,https://www.otomoto.pl/oferta/volvo-v70-zadbane-volvo-oplaty-1-wlasciciel-w-pl-okazja-ID6DTEsz.html#ac7236e7d9
Toyota,Auris Hybrid,2015 ,68900,PLN,https://www.otomoto.pl/oferta/toyota-auris-1szy-uzytkownik-prestige-navi-skyview-ID6DTEsx.html#ac7236e7d9
Seat,Toledo 1.9,1999 ,6000,PLN,https://www.otomoto.pl/oferta/seat-toledo-seat-toledo-1-9-tdi-wiecej-informacji-pod-nr-telefonu-ID6DTEsw.html#ac7236e7d9
Opel,Corsa,2004 ,4200,PLN,https://www.otomoto.pl/oferta/opel-corsa-1-0l-benzyna-klima-119tys-km-ID6DTEs9.html#ac7236e7d9
Audi,A6 40,2021 ,151905,PLN,https://www.otomoto.pl/oferta/audi-a6-od-reki-s-line-czern-8-pakietow-nawigacja-alcantara-skora-ID6DTEs7.html#ac7236e7d9
Volkswagen,Caravelle 2.0,2019 ,35900,PLN,https://www.otomoto.pl/oferta/volkswagen-caravelle-volkswagen-caravelle-2-0-tdi-l2-comfortline-ID6DTEs5.html#ac7236e7d9
Ford,S-Max 2.0,2010 ,22900,PLN,https://www.otomoto.pl/oferta/ford-s-max-2-0-benzyna-lift-led-145km-convers-wentylowane-fotele-okazja-ID6DTErC.html#ac7236e7d9
Volkswagen,Touran 2.0,2010 ,19900,PLN,https://www.otomoto.pl/oferta/volkswagen-touran-2-0-tdi-automat-nawigacja-climatronic-grzane-fotele-ostrowek1-ID6DTErz.html#ac7236e7d9
Volkswagen,Passat 2.0,2008 ,29900,PLN,https://www.otomoto.pl/oferta/volkswagen-passat-2-0tdi-140km-commonrail-alufelgi-parktronik-tempomat-gwarancja-vip-ID6DTErx.html#ac7236e7d9
Audi,Q5 50,2021 ,17000,PLN,https://www.otomoto.pl/oferta/audi-q5-p-stylistyczny-s-line-p-technology-p-comfort-p-ambiente-matrix-i-inne-ID6DTErr.html#ac7236e7d9
Mercedes-Benz,GLE,2021 ,9200,PLN,https://www.otomoto.pl/oferta/mercedes-benz-gle-mercedes-benz-gle-350de-4matic-suv-sosnowiec-ID6DTEr8.html#ac7236e7d9
Dacia,Duster,2011 ,18000,PLN,https://www.otomoto.pl/oferta/dacia-duster-duster-1-5-dci-laureate-107-km-fv-marza-czujniki-parkowania-ID6DTEr6.html#ac7236e7d9
Volvo,V50 D2,2011 ,25500,PLN,https://www.otomoto.pl/oferta/volvo-v50-volvo-v50-1-6-d2-ID6DTEr3.html#ac7236e7d9
Toyota,Avensis,2005 ,12500,PLN,https://www.otomoto.pl/oferta/toyota-avensis-toyota-avensis-2-2-d4d-super-silnik-zapraszam-skora-alu-ID6DTEqQ.html#ac7236e7d9
BMW,Seria 3 318i,2007 ,16900,PLN,https://www.otomoto.pl/oferta/bmw-seria-3-2-0-129km-serwis-bmw-niemiec-oryginalny-lakier-ID6DTEqN.html#ac7236e7d9
Nissan,Qashqai,2009 ,28600,PLN,https://www.otomoto.pl/oferta/nissan-qashqai-nissan-qashqai-zarejestrowane-124tys-km-ID6DTEqH.html#ac7236e7d9
Ford,Focus 2.0,2009 ,25900,PLN,https://www.otomoto.pl/oferta/ford-focus-2-0-benzyna-serwisowany-ID6DTEqE.html#ac7236e7d9
Mazda,2 1.4,2003 ,5300,PLN,https://www.otomoto.pl/oferta/mazda-2-mazda-2-benzyna-1-4-2003-rok-ID6DTEq6.html#e8f5480481
Alfa-Romeo,Romeo Giulietta,2012 ,29900,PLN,https://www.otomoto.pl/oferta/alfa-romeo-giulietta-1-4-turbo-ID6DTEq1.html#e8f5480481
Mazda,2 1.4,2005 ,4500,PLN,https://www.otomoto.pl/oferta/mazda-2-1-4-80km-klima-elektryka-okazja-ID6DTEpR.html#e8f5480481
Toyota,Corolla,2020 ,85900,PLN,https://www.otomoto.pl/oferta/toyota-corolla-08-toyota-corolla-1-6-comfort-style-tech-ID6DTEpw.html#e8f5480481
Volkswagen,Touran 2.0,2009 ,21900,PLN,https://www.otomoto.pl/oferta/volkswagen-touran-2-0-140-ps-cr-klimatronic-xenon-grzanefotele-pdc-alusy-17-cross-navi-ID6DTEpr.html#e8f5480481
Seat,Ateca 1.5,2021 ,18900,PLN,https://www.otomoto.pl/oferta/seat-ateca-style-1-5-tsi-150-km-do-odebrania-w-lipcu-ID6DTEpm.html#e8f5480481
Volkswagen,Passat 2.0,2009 ,53997,PLN,https://www.otomoto.pl/oferta/volkswagen-passat-passat-b6-2-0tdi-4mot-2009-navi-bi-xenon-skora-alu17-okazja-ID6DTEpd.html#e8f5480481
Skoda,Yeti 2.0,2014 ,154900,PLN,https://www.otomoto.pl/oferta/skoda-yeti-laurin-klement-4x4-2-0tdi-140kmalu17caliklimatronskora-ID6DTEoT.html#e8f5480481
Toyota,RAV4,2020 ,11200,PLN,https://www.otomoto.pl/oferta/toyota-rav4-208-toyota-rav4-2-5-hybrid-selection-4x2-aso-ID6DTEoN.html#e8f5480481
Opel,Insignia 2.0,2013 ,11000,PLN,https://www.otomoto.pl/oferta/opel-insignia-2-0-cdti-2013-bardzo-ladna-anglik-ID6DTEoI.html#e8f5480481
Audi,A3,2004 ,8000,PLN,https://www.otomoto.pl/oferta/audi-a3-audi-a3-ID6DTEoE.html#e8f5480481
Hyundai,Tucson 1.6,2021 ,13900,PLN,https://www.otomoto.pl/oferta/hyundai-tucson-executive-pakiet-sun-tucson-w-nowej-odslonie-zamow-juz-dzis-od-reki-ID6DTEoB.html#e8f5480481
Ford,Galaxy 1.9,2003 ,13900,PLN,https://www.otomoto.pl/oferta/ford-galaxy-ford-galaxy-1-9-okazja-ID6DTEov.html#e8f5480481
Citroen,C3 HDi,2012 ,48900,PLN,https://www.otomoto.pl/oferta/citroen-c3-zadbany-citroen-c3-atrakcyjna-cena-ID6DTEor.html#e8f5480481
Renault,Trafic,2021 ,159900,PLN,https://www.otomoto.pl/oferta/renault-trafic-nowy-trafic-po-liflcie-l2-150km-2-0-grand-pack-kamera-klima-tyl-1249zl-ID6DTEom.html#e8f5480481
Mercedes-Benz,Klasa B 180,2008 ,5000,PLN,https://www.otomoto.pl/oferta/mercedes-benz-klasa-b-mercedes-benz-b-ID6DTEo9.html#e8f5480481
Toyota,Yaris,2018 ,185000,PLN,https://www.otomoto.pl/oferta/toyota-yaris-42-toyota-yaris-1-0-premium-city-aso-salon-pl-ID6DTEo1.html#e8f5480481
Volvo,S90,2018 ,13500,PLN,https://www.otomoto.pl/oferta/volvo-s90-inscription-d5-awd-intelliafelightluxuryseatwinterblisvolvoselekt-ID6DTEnO.html#e8f5480481
Hyundai,Tucson,2021 ,4900,PLN,https://www.otomoto.pl/oferta/hyundai-tucson-hyundai-tucson-2021-hybrid-cesja-leasingu-ID6DTEnJ.html#e8f5480481
Nissan,X-Trail,2021 ,13900,PLN,https://www.otomoto.pl/oferta/nissan-x-trail-tekna-1-3-dig-t-158km-dct-dach-panoramiczny-opcje-ID6DTEnx.html#e8f5480481
Mercedes-Benz,Klasa E,2016 ,21900,PLN,https://www.otomoto.pl/oferta/mercedes-benz-klasa-e-ID6DTEnu.html#e8f5480481
Audi,A6 40,2021 ,78900,PLN,https://www.otomoto.pl/oferta/audi-a6-od-reki-hak-aktywny-tempomat-nawigacja-4strefowa-klimatyzacj-ID6DTEns.html#e8f5480481
Peugeot,207 110,2007 ,39900,PLN,https://www.otomoto.pl/oferta/peugeot-207-peugeot-207cc-1-6hdi-109km-super-stan-cabrio-warszawa-ID6DTEnm.html#e8f5480481
Volkswagen,Arteon 2.0,2021 ,4200,PLN,https://www.otomoto.pl/oferta/volkswagen-arteon-essence-2-0-tsi-190-km-dsg-dostepny-od-reki-ID6DTEnj.html#e8f5480481
Ford,C-MAX 1.5,2018 ,38900,PLN,https://www.otomoto.pl/oferta/ford-c-max-sliczny-titanium-120km-alu-navi-pdc-chrom-aso-18-ID6DTEmN.html#b6da004052
Volkswagen,Tiguan,2019 ,99700,PLN,https://www.otomoto.pl/oferta/volkswagen-tiguan-allspace-2-0-tsi-186-km-4motion-4x4-grzane-fotele-tryby-jazdy-ID6DTEmJ.html#b6da004052
Mercedes-Benz,Klasa E,2014 ,58900,PLN,https://www.otomoto.pl/oferta/mercedes-benz-klasa-e-mercedes-maly-przebieg-ID6DTEms.html#b6da004052
Peugeot,3008,2020 ,41900,PLN,https://www.otomoto.pl/oferta/peugeot-3008-1-6-puretech-180km-eat8-gt-masaze-kamery-360-audio-focal-opcje-ID6DTEmk.html#b6da004052
Skoda,Fabia,2017 ,59000,PLN,https://www.otomoto.pl/oferta/skoda-fabia-1-2-tsi-90-km-ambition-gwarancja-polski-salon-ID6DTEml.html#b6da004052
Nissan,Micra,2020 ,7200,PLN,https://www.otomoto.pl/oferta/nissan-micra-n-tec-2020r-17-alufelgi-pakiet-zimowy-kolo-zapasowe-ID6DTEmg.html#b6da004052
Citroen,C3 Aircross,2020 ,11300,PLN,https://www.otomoto.pl/oferta/citroen-c3-aircross-1-2-puretech-feel-110km-czujniki-parkowania-klimatyzacja-ID6DTEm8.html#b6da004052
Volkswagen,Bora 1.9,2000 ,15500,PLN,https://www.otomoto.pl/oferta/volkswagen-bora-1-9tdi-115km-6biegow-klimatronik-ID6DTElZ.html#b6da004052
Opel,Corsa 1.2,2007 ,29800,PLN,https://www.otomoto.pl/oferta/opel-corsa-1-2-benzyna-klima-tempomat-ID6DTElN.html#b6da004052
DS,Automobiles DS 7 Crossback 1.6,2021 ,31900,PLN,https://www.otomoto.pl/oferta/ds-automobiles-ds-7-crossback-dostepny-od-reki-e-tense-300km-4x4-louvre-ID6DTElG.html#b6da004052
Seat,Ateca 1.5,2021 ,7700,PLN,https://www.otomoto.pl/oferta/seat-ateca-style-1-5-tsi-150-km-dsg-do-odebrania-w-lipcu-ID6DTElE.html#b6da004052
Subaru,XV 2.0i-S,2021 ,147600,PLN,https://www.otomoto.pl/oferta/subaru-xv-2-0-e-boxer-active-my21-autoryzowany-dealer-subaru-dukiewicz-ID6DTEls.html#b6da004052
Volkswagen,Touran,2007 ,61900,PLN,https://www.otomoto.pl/oferta/volkswagen-touran-1-9-tdi-ID6DTElp.html#b6da004052
Skoda,Octavia 1.4,2011 ,9900,PLN,https://www.otomoto.pl/oferta/skoda-octavia-1-4-mpi-salon-pl-serwis-aso-ID6DTElg.html#b6da004052
Ford,Focus 1.0,2014 ,55400,PLN,https://www.otomoto.pl/oferta/ford-focus-1-0-ecoboost-101-km-klima-104-tys-km-ID6DTElc.html#b6da004052
Volvo,V70,2004 ,28500,PLN,https://www.otomoto.pl/oferta/volvo-v70-2004-salon-pl-2-4-diesel-automat-zadbany-ID6DTElb.html#b6da004052
Mercedes-Benz,Klasa V 250,2016 ,19900,PLN,https://www.otomoto.pl/oferta/mercedes-benz-klasa-v-250-salon-polska-ID6DTEl9.html#b6da004052
Opel,Astra 1.4,2019 ,25900,PLN,https://www.otomoto.pl/oferta/opel-astra-v-1-4t-125km-sports-tourer-enjoy-klimatronik-od-dealera-aso-fv23-ID6DTEl8.html#b6da004052
Toyota,C-HR,2021 ,10500,PLN,https://www.otomoto.pl/oferta/toyota-c-hr-gr-sport-2-0-hybrid-dynamic-force-184-km-e-cvt-kamera-cofania-felgi-19-ID6DTEkW.html#b6da004052
Honda,Civic 2.2i-CTDi,2007 ,264900,PLN,https://www.otomoto.pl/oferta/honda-civic-honda-civic-ID6DTEkU.html#b6da004052
Jaguar,XJ 3.0,2015 ,4000,PLN,https://www.otomoto.pl/oferta/jaguar-xj-2015rokstan-idealnyportflio3-0d275km-ID6DTEkC.html#b6da004052
Audi,A6 40,2021 ,66000,PLN,https://www.otomoto.pl/oferta/audi-a6-od-reki-kamera-wentylacja-matrix-led-nawigacja-ID6DTEkA.html#b6da004052
Ford,Focus 1.6,2012 ,12590,PLN,https://www.otomoto.pl/oferta/ford-focus-1-6-115-km-gwarancja-podgrzewane-fotele-6-biegow-climatronic-ID6DTEky.html#b6da004052
Peugeot,208 1.4,2012 ,42900,PLN,https://www.otomoto.pl/oferta/peugeot-208-nawigacja-zarejestrowany-2gi-wlasciciel-jasne-wnetrze-ID6DTEkv.html#b6da004052
Opel,Insignia 2.0,2011 ,17900,PLN,https://www.otomoto.pl/oferta/opel-insignia-2-0-cdti-160-km-bi-xenon-led-navi-po-oplatach-automat-ID6DTEkp.html#b6da004052
MINI,Cooper,2021 ,38500,PLN,https://www.otomoto.pl/oferta/mini-cooper-mini-hatch-5dr-cooper-classic-2021-ID6DTEjU.html#aa09966527
Toyota,Yaris,2018 ,640000,PLN,https://www.otomoto.pl/oferta/toyota-yaris-salon-polska-klimatyzacja-lpg-precrash-alu16-ele-szyby-mp3-ID6DTEjD.html#aa09966527
Mercedes-Benz,Klasa S,2021 ,7300,PLN,https://www.otomoto.pl/oferta/mercedes-benz-klasa-s-3-0-330km-linia-amg-pakiet-premium-plus-edition-executive-rear-ID6DTEjE.html#aa09966527
Nissan,Almera,2006 ,42900,PLN,https://www.otomoto.pl/oferta/nissan-almera-ID6DTEjA.html#aa09966527
Hyundai,ix35 1.6,2012 ,179900,PLN,https://www.otomoto.pl/oferta/hyundai-ix35-1-6-benzyna-135-koni-bez-wkladu-finansowego-idealny-stan-ID6DTEjq.html#aa09966527
Opel,Grandland X,2021 ,69500,PLN,https://www.otomoto.pl/oferta/opel-grandland-x-business-elegance-1-6-180-km-0078xktg-ID6DTEjh.html#aa09966527
Cupra,Ateca,2019 ,56900,PLN,https://www.otomoto.pl/oferta/cupra-ateca-300-km-4drive-dsg-pakiet-xl-kessy-beats-navi-kamery-360-ID6DTEjf.html#aa09966527
Mitsubishi,Outlander 2.4,2016 ,32999,PLN,https://www.otomoto.pl/oferta/mitsubishi-outlander-mitsubishi-outlander-gt-3-0-v6-ID6DTEiZ.html#aa09966527
Ford,Kuga,2014 ,28300,PLN,https://www.otomoto.pl/oferta/ford-kuga-darmowa-dostawa-grzane-fotele-pdc-polskora-140km-titanium-4x4-ID6DTEiX.html#aa09966527
Audi,A5,2009 ,58500,PLN,https://www.otomoto.pl/oferta/audi-a5-benzyna-skora-salon-pl-bez-wypadkowy-maly-przebieg-alu-piekna-ID6DTEiO.html#aa09966527
Ford,Mondeo 2.0,2010 ,18900,PLN,https://www.otomoto.pl/oferta/ford-mondeo-ford-mondeo-mk4-kombi-titanium-2-0-benzyna-gaz-converse-ID6DTEiK.html#aa09966527
Citroen,C3 1.2,2020 ,7900,PLN,https://www.otomoto.pl/oferta/citroen-c3-feel-pack-demo-2020-ostatnia-sztuka-83km-z-wyprzedazy-ID6DTEiF.html#aa09966527
BMW,Seria 1,2004 ,93900,PLN,https://www.otomoto.pl/oferta/bmw-seria-1-2-0d-163km-m-pakiet-szyberdach-nawigacja-skory-okazja-ID6DTEiA.html#aa09966527
Renault,Scenic 1.9,2004 ,58900,PLN,https://www.otomoto.pl/oferta/renault-scenic-sprzedam-renault-scenic-ID6DTEiw.html#aa09966527
Skoda,Karoq 1.5,2018 ,56900,PLN,https://www.otomoto.pl/oferta/skoda-karoq-1-5tsi-150km-style-nawigacja-salonpl-vat23-ID6DTEir.html#aa09966527
Mitsubishi,ASX,2016 ,9900,PLN,https://www.otomoto.pl/oferta/mitsubishi-asx-darmowa-dostawa-serwis-aso-1-wlasciciel-1-6mpi-klima-ID6DTEip.html#aa09966527
Toyota,Corolla,2019 ,18990,PLN,https://www.otomoto.pl/oferta/toyota-corolla-1-6-benzyna-132-km-ID6DTEig.html#aa09966527
Seat,Ateca 1.5,2021 ,22900,PLN,https://www.otomoto.pl/oferta/seat-ateca-style-1-5-tsi-150-km-dsg-do-odebrania-w-lipcu-ID6DTEid.html#aa09966527
Citroen,C5 II,2007 ,12400,PLN,https://www.otomoto.pl/oferta/citroen-c5-2-0-benzyna-klimatyzacja-komputer-pokladowy-hydro-kredyt-oplacony-ID6DTEi8.html#aa09966527
Skoda,Enyaq,2021 ,14000,PLN,https://www.otomoto.pl/oferta/skoda-enyaq-enyaq-80-204km-podgrzewane-fotele-swiatla-full-led-ID6DTEhT.html#aa09966527
Mercedes-Benz,Klasa C 220,2003 ,59000,PLN,https://www.otomoto.pl/oferta/mercedes-benz-klasa-c-mercedes-w203-2-2-cdi-115-tysiecy-przebiegu-autentyk-ID6DTEhP.html#aa09966527
Chevrolet,Aveo,2012 ,79900,PLN,https://www.otomoto.pl/oferta/chevrolet-aveo-darmowa-dostawa-temomat-automat-klima-kirownica-wielofunkcyjna-ID6DTEhR.html#aa09966527
Mercedes-Benz,Klasa C,2004 ,27900,PLN,https://www.otomoto.pl/oferta/mercedes-benz-klasa-c-avangarde-elektryczne-sterowanie-kierownicy-skory-fotele-z-pamiecia-ID6DTEhS.html#aa09966527
Honda,FR-V 1.8,2007 ,89000,PLN,https://www.otomoto.pl/oferta/honda-fr-v-sprzedam-honda-fr-v-ID6DTEhL.html#aa09966527
Audi,TT Coupe,2014 ,9900,PLN,https://www.otomoto.pl/oferta/audi-tt-audi-tt-skora-alcantara-podgrzewane-fotele-dotykowy-ekran-kamera-ID6DTEho.html#aa09966527
Audi,A6,2014 ,121700,PLN,https://www.otomoto.pl/oferta/audi-a6-darmowa-dostawa-hist-serwisowa-xenon-navi-automat-190km-ID6DTEhd.html#aa09966527
Renault,Clio,2014 ,10900,PLN,https://www.otomoto.pl/oferta/renault-clio-salon-polska-benzyna-gaz-oryginalny-przebieg-biala-perla-czarne-felgi-ID6DTEha.html#aa09966527
Audi,A5 1.8,2016 ,18500,PLN,https://www.otomoto.pl/oferta/audi-a5-audi-a5-1-8-tfsi-s-line-serwis-aso-salon-pl-zadbany-cesja-leasing-ID6DTEh9.html#aa09966527
Citroen,C8 2.0,2005 ,7900,PLN,https://www.otomoto.pl/oferta/citroen-c8-2-0-benzyna-7-osob-klimatyzacja-elektryczne-szyby-kredyt-oplacony-ID6DTEgI.html#16ddcf84f0
Ford,Transit Custom 320,2018 ,79900,PLN,https://www.otomoto.pl/oferta/ford-transit-custom-2-0-ecoblue-130km-czujniki-klimatyzacja-sync-salonplserwisaso-9-miejsc-ID6DTEgx.html#16ddcf84f0
Opel,Grandland X 1.2,2021 ,149900,PLN,https://www.otomoto.pl/oferta/opel-grandland-x-edition-1-2-turbo-130-km-automat-ID6DTEgr.html#16ddcf84f0
Jaguar,F-Type,2018 ,69987,PLN,https://www.otomoto.pl/oferta/jaguar-f-type-jaguar-f-type-lift-2018r-stan-perfekcyjny-wycena-dekry-na-240tys-zl-ID6DTEgn.html#16ddcf84f0
Infiniti,Q50,2014 ,59000,PLN,https://www.otomoto.pl/oferta/infiniti-q50-infiniti-q50-2014r-3-7-v6-333-konie-jak-nowe-niski-przebieg-wydechy-ID6DTEgm.html#16ddcf84f0
Volvo,V60,2014 ,41500,PLN,https://www.otomoto.pl/oferta/volvo-v60-hybrid-ID6DTEgk.html#16ddcf84f0
Ford,Focus,2013 ,38130,PLN,https://www.otomoto.pl/oferta/ford-focus-darmowa-dostawa-hist-serwisowa-182km-klima-auto-led-polskora-ID6DTEgf.html#16ddcf84f0
Volkswagen,Caddy 2.0,2016 ,7400,PLN,https://www.otomoto.pl/oferta/volkswagen-caddy-maly-przebieg-lekko-uszkodzony-ID6DTEgd.html#16ddcf84f0
Opel,Vectra,2004 ,11500,PLN,https://www.otomoto.pl/oferta/opel-vectra-1-9cdti-klima-alu-r16-120km-2004r-kombi-ID6DTEg4.html#16ddcf84f0
Mazda,3 1.6,2006 ,89900,PLN,https://www.otomoto.pl/oferta/mazda-3-na-sprzedaz-zadbana-mazda-3-ID6DTEfU.html#16ddcf84f0
Seat,Ateca,2017 ,9400,PLN,https://www.otomoto.pl/oferta/seat-ateca-darmowa-dostawa-full-led-klima-auto-pdc-ID6DTEfR.html#16ddcf84f0
Renault,Grand Scenic Gr,2006 ,22500,PLN,https://www.otomoto.pl/oferta/renault-grand-scenic-2-0-benzyna-7-foteli-nawigacja-klimatyzacja-tempomat-kredyt-ID6DTEfQ.html#16ddcf84f0
Citroen,C5,2010 ,91100,PLN,https://www.otomoto.pl/oferta/citroen-c5-sprzedam-ID6DTEfJ.html#16ddcf84f0
Honda,Civic,2019 ,4900,PLN,https://www.otomoto.pl/oferta/honda-civic-automat-executive-navi-lad-indukcyjna-dod-opony-i-wl-salon-pl-ID6DTEfF.html#16ddcf84f0
Volkswagen,Sharan 1.9,2002 ,49990,PLN,https://www.otomoto.pl/oferta/volkswagen-sharan-1-9-tdi-115-km-7-osobowy-klimatyzacja-zarejestrowany-ID6DTEfE.html#16ddcf84f0
Mercedes-Benz,Vito 116,2021 ,32300,PLN,https://www.otomoto.pl/oferta/mercedes-benz-vito-116-cdi-furgon-dlugi-nawigacja-kamera-cofania-ID6DTEfG.html#16ddcf84f0
BMW,Seria 1 128ti,2021 ,20900,PLN,https://www.otomoto.pl/oferta/bmw-seria-1-bmw-seria-1-128i-265-km-kamera-cofania-bmw-live-cockpit-ID6DTEfD.html#16ddcf84f0
Fiat,500,2019 ,11800,PLN,https://www.otomoto.pl/oferta/fiat-500-1-2-benzyna-69-km-wersja-lounge-ID6DTEfy.html#16ddcf84f0
Skoda,Fabia,2016 ,79900,PLN,https://www.otomoto.pl/oferta/skoda-fabia-ambition-salon-pl-pierwszy-wlasciciel-f-a-vat-12-m-cy-gwarancji-ID6DTEfA.html#16ddcf84f0
Pontiac,Firebird,1991 ,3800,PLN,https://www.otomoto.pl/oferta/pontiac-firebird-pontiac-firebird-ID6DTEfx.html#16ddcf84f0
Peugeot,308 1.6,2007 ,104900,PLN,https://www.otomoto.pl/oferta/peugeot-308-czarna-perla-peugeot-308-ID6DTEfq.html#16ddcf84f0
Skoda,Superb,2018 ,72500,PLN,https://www.otomoto.pl/oferta/skoda-superb-superb-2-0-tdi-ambition-ID6DTEfi.html#16ddcf84f0
Opel,Vectra 2.0,1999 ,38000,PLN,https://www.otomoto.pl/oferta/opel-vectra-vectra-w-gazie-lepiej-jezdzi-niz-wyglada-ID6DTEfk.html#16ddcf84f0
Volkswagen,Tiguan,2017 ,7900,PLN,https://www.otomoto.pl/oferta/volkswagen-tiguan-1-4-tsi-150-km-dsg-highline-active-info-salon-pl-fv-23-citymotors-ID6DTEfh.html#16ddcf84f0
BMW,Seria 5,2015 ,31900,PLN,https://www.otomoto.pl/oferta/bmw-seria-5-darmowa-dostawa-serwis-aso-xenon-led-navi-klima-auto-skora-ID6DTEfa.html#16ddcf84f0
Kia,Ceed Cee'd,2015 ,35900,PLN,https://www.otomoto.pl/oferta/kia-ceed-kia-ceed-gt-ID6DTEf6.html#16ddcf84f0
Nissan,Micra C+C,2006 ,11900,PLN,https://www.otomoto.pl/oferta/nissan-micra-kabrio-klimatyzacja-abs-ID6DTEf5.html#16ddcf84f0
Ford,Mondeo 2.0,2012 ,32900,PLN,https://www.otomoto.pl/oferta/ford-mondeo-2-0-tdci-163ps-titaniu-st-leed-navi-polskora-2xkola-1-wl-super-stan-ID6DTEeQ.html#16ddcf84f0
Opel,Astra,2014 ,39900,PLN,https://www.otomoto.pl/oferta/opel-astra-darmowa-dostawa-hist-serwis-klima-auto-xenon-165km-pdc-ID6DTEex.html#16ddcf84f0
Mazda,2 1.4,2004 ,3990,PLN,https://www.otomoto.pl/oferta/mazda-2-klimatyzacja-sprawna-zarejestrowany-w-kraju-ID6DTEcN.html#8e84774f61
Opel,Astra,2005 ,11500,PLN,https://www.otomoto.pl/oferta/opel-astra-opel-astra-turbo-170-km-ID6DTEcE.html#8e84774f61
BMW,X3 2.0d,2005 ,21800,PLN,https://www.otomoto.pl/oferta/bmw-x3-m-pakiet-100-oryginalny-lakier-unikat-skora-xenon-2xpdc-niemiec-ID6DTEcF.html#8e84774f61
Citroen,C3 Aircross,2020 ,95799,PLN,https://www.otomoto.pl/oferta/citroen-c3-aircross-1-5-bluehdi-feel-100km-doswietlanie-zakretow-klimatyzacja-ID6DTEcv.html#8e84774f61
Toyota,RAV4 2.0,2017 ,19999,PLN,https://www.otomoto.pl/oferta/toyota-rav4-salonpl-climatrinic-alu-ekran-dotykowy-elektryczne-szyby-relingi-papis-ID6DTEcm.html#8e84774f61
Ford,Galaxy 2.0,2006 ,34900,PLN,https://www.otomoto.pl/oferta/ford-galaxy-2-0-140-km-gwarancja-7-miejsc-ghia-podgrzewane-fotele-6-biegow-ID6DTEbY.html#8e84774f61
Volkswagen,Tiguan 2.0,2008 ,96000,PLN,https://www.otomoto.pl/oferta/volkswagen-tiguan-navi-z-niemiec-oplacony-ID6DTEbQ.html#8e84774f61
Mazda,6,2019 ,48700,PLN,https://www.otomoto.pl/oferta/mazda-6-mazda-6-2-0-145-km-skymotion-6at-navigacja-salon-pl-mazda-wrobel-ID6DTEbK.html#8e84774f61
Ford,C-MAX 1.0,2017 ,13500,PLN,https://www.otomoto.pl/oferta/ford-c-max-1-0-ecoboost-tylko-14-000-km-stan-jak-nowy-led-klimatronik-alu16-pdc-ID6DTEbJ.html#8e84774f61
Seat,Tarraco,2021 ,10900,PLN,https://www.otomoto.pl/oferta/seat-tarraco-xcellence-2-0-tsi-190-km-dsg-ID6DTEbI.html#8e84774f61
Seat,Ateca 1.5,2021 ,46900,PLN,https://www.otomoto.pl/oferta/seat-ateca-style-1-5-tsi-150-km-do-odebrania-w-lipcu-ID6DTEbC.html#8e84774f61
Audi,A3,2005 ,14300,PLN,https://www.otomoto.pl/oferta/audi-a3-2005r-2-0-tdi-klimatyzacja-ac-zarejestrowany-pl-ID6DTEbA.html#8e84774f61
Volkswagen,Polo,2006 ,38900,PLN,https://www.otomoto.pl/oferta/volkswagen-polo-1-4-goal-klima-5drz-pdc-ID6DTEbw.html#8e84774f61
Volkswagen,Tiguan Allspace,2021 ,10600,PLN,https://www.otomoto.pl/oferta/volkswagen-tiguan-allspace-highline-2-0-tdi-scr-4motion-147kw-200km-dsg-premium-ID6DTEbp.html#8e84774f61
Renault,Captur,2015 ,21900,PLN,https://www.otomoto.pl/oferta/renault-captur-salon-polska-automat-i-rejestr-2016r-ID6DTEbj.html#8e84774f61
Volvo,V50 1.6D,2009 ,46000,PLN,https://www.otomoto.pl/oferta/volvo-v50-volvo-v50-lift-pierwszy-wlasciciel-w-kraju-ID6DTEbe.html#8e84774f61
Dacia,Sandero,2017 ,37000,PLN,https://www.otomoto.pl/oferta/dacia-sandero-stepway-0-9-tce-outdoor-s-s-571-315-153-ID6DTEaI.html#8e84774f61
Opel,Vectra 1.8,2007 ,4900,PLN,https://www.otomoto.pl/oferta/opel-vectra-1-8-140km-essentiasalon-pl-faktura-vat-marza-ID6DTEap.html#8e84774f61
Subaru,Forester 2.0i-L,2021 ,57900,PLN,https://www.otomoto.pl/oferta/subaru-forester-2-0-e-boxer-platinum-2021-mm-cars-katowice-ID6DTEa8.html#8e84774f61
Opel,Meriva,2013 ,15900,PLN,https://www.otomoto.pl/oferta/opel-meriva-pol-skoraklimatyzacjaroczna-gwarancja-techniczna-ID6DTE9I.html#8e84774f61
Skoda,RAPID 1.0,2018 ,85900,PLN,https://www.otomoto.pl/oferta/skoda-rapid-skoda-rapid-2018r-1-0-tsi-ID6DTE9D.html#8e84774f61
Nissan,Juke 1.6,2014 ,3333,PLN,https://www.otomoto.pl/oferta/nissan-juke-lift-1-6-16v-automat-gps-kamery-szyberdach-ID6DTE9C.html#8e84774f61
Mazda,Premacy 1.8,1999 ,44900,PLN,https://www.otomoto.pl/oferta/mazda-premacy-1-8-benzyna-gaz-ID6DTE9r.html#8e84774f61
Skoda,Scala 1.5,2021 ,184992,PLN,https://www.otomoto.pl/oferta/skoda-scala-1-5-tsi-monte-carlo-szybki-odbior-ID6DTE9m.html#8e84774f61
Mercedes-Benz,Klasa A,2014 ,50325,PLN,https://www.otomoto.pl/oferta/mercedes-benz-klasa-a-darmowa-dostawa-navi-pol-skora-grzane-fotele-klima-serwis-aso-ID6DTE99.html#8e84774f61
Chevrolet,Spark,2012 ,74900,PLN,https://www.otomoto.pl/oferta/chevrolet-spark-salon-pl-1-rej-2013-r-bezwypadkowy-ks-serwis-60-000-km-klima-ID6DTE90.html#8e84774f61
Skoda,Octavia 2.0,2007 ,8999,PLN,https://www.otomoto.pl/oferta/skoda-octavia-xenon-klimatronik-4x4-kombi-ID6DTE82.html#cde402e340
Ford,Mondeo 2.0,2012 ,27800,PLN,https://www.otomoto.pl/oferta/ford-mondeo-2012-rok-2-0-diesel-titanium-pelne-wyposazenie-ID6DTE7W.html#cde402e340
Peugeot,Boxer BlueHDi,2021 ,30450,PLN,https://www.otomoto.pl/oferta/peugeot-boxer-l4h2-tempomat-klimatyzacja-automatyczna-czujniki-park-led-ID6DTE7R.html#cde402e340
Skoda,Fabia,2017 ,64900,PLN,https://www.otomoto.pl/oferta/skoda-fabia-1-0-tsi-95km-2017-18r-klimatyzacja-pdc-tempomat-stan-bdb-salon-pl-ID6DTE7K.html#cde402e340
Mercedes-Benz,Klasa A,2016 ,49900,PLN,https://www.otomoto.pl/oferta/mercedes-benz-klasa-a-darmowa-dostawa-klima-auto-navi-polskora-ID6DTE7D.html#cde402e340
Mazda,CX-3 1.5,2015 ,57800,PLN,https://www.otomoto.pl/oferta/mazda-cx-3-mazda-cx3-diesel-manual-77000km-przebieg-zadbana-ID6DTE7C.html#cde402e340
Hyundai,i40 1.7,2017 ,199900,PLN,https://www.otomoto.pl/oferta/hyundai-i40-nawikamera-cofanialedybluetoothliftnowe-oponydrive-mode-ID6DTE7B.html#cde402e340
BMW,X5,2018 ,7100,PLN,https://www.otomoto.pl/oferta/bmw-x5-25d-xdrive-231km-pakiet-m-sport-kamera-adaptacyjne-reflektory-led-ID6DTE7m.html#cde402e340
Lexus,IS,1999 ,82000,PLN,https://www.otomoto.pl/oferta/lexus-is-lexus-is-200-155-km-1999r-automat-anglik-zarejestrowany-w-kraju-ID6DTE7k.html#cde402e340
BMW,X6 xDrive40d,2010 ,49900,PLN,https://www.otomoto.pl/oferta/bmw-x6-piekne-x6-x-drive-40d-fotele-z-pamiecia-lopatki-elektryczna-klapa-ID6DTE6X.html#cde402e340
Renault,Scenic,2016 ,3600,PLN,https://www.otomoto.pl/oferta/renault-scenic-darmowa-dostawa-klima-kierownica-wielofunkcyjna-hist-serwisowa-ID6DTE6M.html#cde402e340
Opel,Zafira 1.6,2000 ,125000,PLN,https://www.otomoto.pl/oferta/opel-zafira-1-6-benzyna-100-km-7-osob-klima-zarejestrowany-ID6DTE6G.html#cde402e340
BMW,Seria 3 330e,2020 ,6900,PLN,https://www.otomoto.pl/oferta/bmw-seria-3-kombi-330e-xdrive-2020r-ID6DTE6v.html#cde402e340
Seat,Ibiza 1.4,2003 ,15900,PLN,https://www.otomoto.pl/oferta/seat-ibiza-1-4i-16v-75km-z-gazem-lpg-climatronic-stan-bardzo-dobry-ID6DTE5X.html#cde402e340
BMW,Seria 1 116i,2007 ,37900,PLN,https://www.otomoto.pl/oferta/bmw-seria-1-bezwypadkowy-ID6DTE5K.html#cde402e340
Kia,Venga 1.4,2017 ,79900,PLN,https://www.otomoto.pl/oferta/kia-venga-1-4crdi-90ps-wersja-l-navi-kamera-klimatronic-auto-bijak-ID6DTE5E.html#cde402e340
Audi,A5 Cabrio,2015 ,41800,PLN,https://www.otomoto.pl/oferta/audi-a5-cabrio-quattro-bose-s-line-automat-2-0-benzyna-ID6DTE4S.html#cde402e340
Mazda,2 SKYACTIV-G,2016 ,24800,PLN,https://www.otomoto.pl/oferta/mazda-2-piekna-perlowa-mazda-ID6DTE4y.html#cde402e340
Audi,A6 Avant,2009 ,177000,PLN,https://www.otomoto.pl/oferta/audi-a6-invidual-led-alu-szyberdach-ID6DTE4t.html#cde402e340
Ford,Mustang 5.0,2018 ,6500,PLN,https://www.otomoto.pl/oferta/ford-mustang-gt-fastback-5-0-ti-vct-v8-450-km-ID6DTE4a.html#cde402e340
BMW,Seria 3 318is,1999 ,78900,PLN,https://www.otomoto.pl/oferta/bmw-seria-3-compact-1-8is-lpg-ID6DTE42.html#cde402e340
Renault,Megane,2020 ,27000,PLN,https://www.otomoto.pl/oferta/renault-megane-megane-1-3-tce-zen-140km-kamera-karta-ID6DTE3D.html#cde402e340
Peugeot,208 1.6,2012 ,44900,PLN,https://www.otomoto.pl/oferta/peugeot-208-1-6vti-120km-ID6DTE3C.html#cde402e340
Nissan,Juke,2017 ,36900,PLN,https://www.otomoto.pl/oferta/nissan-juke-ID6DTE3B.html#cde402e340
Toyota,Aygo 1.0,2017 ,86900,PLN,https://www.otomoto.pl/oferta/toyota-aygo-1-0-vvt-i-69km-x-play-salon-pl-aso-kamera-2kpl-kol-ID6DTE3A.html#cde402e340
Audi,A8 4.2,2010 ,148900,PLN,https://www.otomoto.pl/oferta/audi-a8-audi-a8-4-2-tdi-mozliwa-zamiana-ID6DTE3y.html#cde402e340
Mercedes-Benz,Klasa B 200,2019 ,19900,PLN,https://www.otomoto.pl/oferta/mercedes-benz-klasa-b-b-200-d-premium-plus-amg-burmester-head-up-ID6DTE3b.html#cde402e340
Ford,C-MAX 2.0,2011 ,24900,PLN,https://www.otomoto.pl/oferta/ford-c-max-bezwypadkowy-serwisowany-ID6DTE33.html#cde402e340
Opel,Corsa 1.4,2013 ,9800,PLN,https://www.otomoto.pl/oferta/opel-corsa-lift-1-4-color-edition-klimatyzacja-pdc-navi-serwisowane-100ps-ID6DTE2Y.html#cde402e340
Audi,Q7 55,2021 ,39900,PLN,https://www.otomoto.pl/oferta/audi-q7-rocznik-2021-matrix-led-panorama-skora-z-masazem-ID6DTE2i.html#cde402e340
Fiat,Albea,2005 ,4500,PLN,https://www.otomoto.pl/oferta/fiat-albea-1-2i-16v-80km-sedan-stan-b-dobry-okazja-ID6DTE1X.html#cae3759e3b
Kia,Carens 1.7,2017 ,48900,PLN,https://www.otomoto.pl/oferta/kia-carens-sliczna-lift-1-7crdi-7-foteli-kamera-navi-pdc-aso-17-ID6DTE1O.html#cae3759e3b
Mazda,3,2019 ,74900,PLN,https://www.otomoto.pl/oferta/mazda-3-2-5-benzyna-194-km-ID6DTE1v.html#cae3759e3b
Fiat,Ducato L2,2018 ,89790,PLN,https://www.otomoto.pl/oferta/fiat-ducato-fiat-ducato-2-3-multijet-130km-z-2018r-stan-idealny-pelna-fv-23-ID6DTE1a.html#cae3759e3b
Mazda,3,2007 ,10900,PLN,https://www.otomoto.pl/oferta/mazda-3-hatchback-5drz-klimatronik-alu-esp-ID6DTE0f.html#cae3759e3b
Opel,Astra,1999 ,5999,PLN,https://www.otomoto.pl/oferta/opel-astra-1-4-e-90-km-lpg-salon-pl-ID6DTDZS.html#cae3759e3b
Toyota,C-HR,2018 ,84900,PLN,https://www.otomoto.pl/oferta/toyota-c-hr-1-8-hybrid-selection-salon-pl-fv-23-pierwszy-wlasciciel-ID6DTDZj.html#cae3759e3b
Audi,A6 2.7,2008 ,22500,PLN,https://www.otomoto.pl/oferta/audi-a6-2-7-tdi-v6-180km-sprowadzona-z-niemiec-zarejestrowana-ID6DTDZh.html#cae3759e3b
Honda,Accord 2.2i-CTDi,2004 ,4500,PLN,https://www.otomoto.pl/oferta/honda-accord-sprzedam-honde-accord-ogloszenie-prywatne-ID6DTDZc.html#cae3759e3b
Jeep,Grand Cherokee,2012 ,59900,PLN,https://www.otomoto.pl/oferta/jeep-grand-cherokee-3-0-crdi-241-km-overland-4x4-ful-opcja-ID6DTDZ7.html#cae3759e3b
BMW,Seria 3 316ti,2002 ,2900,PLN,https://www.otomoto.pl/oferta/bmw-seria-3-316i-compact-e46-z-niemiec-ID6DTDZ5.html#cae3759e3b
Nissan,Micra 1.2,2007 ,9900,PLN,https://www.otomoto.pl/oferta/nissan-micra-prywatnie-doinwestowany-zadbany-z-klimatyzacja-ID6DTDZ3.html#cae3759e3b
Peugeot,508 1.6,2021 ,4500,PLN,https://www.otomoto.pl/oferta/peugeot-508-hybryda-225km-w-abonamencie-dla-firm-1399-zl-netto-ID6DTDYA.html#cae3759e3b
Dacia,Duster,2021 ,49900,PLN,https://www.otomoto.pl/oferta/dacia-duster-1-5-blue-dci-prestige-115km-bezkluczykowy-dostep-klimatyzacja-aut-ID6DTDYr.html#cae3759e3b
Seat,Leon,2000 ,73900,PLN,https://www.otomoto.pl/oferta/seat-leon-seat-leon-i-rocznik-2000-diesel-1-9-tdi-czarny-ID6DTDYn.html#cae3759e3b
Mazda,6,2015 ,28900,PLN,https://www.otomoto.pl/oferta/mazda-6-ID6DTDXX.html#cae3759e3b
Volkswagen,Passat,2016 ,4800,PLN,https://www.otomoto.pl/oferta/volkswagen-passat-240kmhighline4motionsalon-pli-wlascicielvat23-ID6DTDXU.html#cae3759e3b
Hyundai,ix20 1.4,2012 ,46900,PLN,https://www.otomoto.pl/oferta/hyundai-ix20-2012r-klima-serwis-oryginal-oplacony-gwarancja-ID6DTDXP.html#cae3759e3b
Kia,Sportage,2021 ,28500,PLN,https://www.otomoto.pl/oferta/kia-sportage-alufelgi-17-cali-swiatla-led-czujniki-parkowania-ID6DTDXG.html#cae3759e3b
Volkswagen,Passat 1.9,2003 ,9900,PLN,https://www.otomoto.pl/oferta/volkswagen-passat-sprzedam-vw-passat-b5-1-9tdi-tel-602793495-ID6DTDXq.html#cae3759e3b
Opel,Astra V,2021 ,71250,PLN,https://www.otomoto.pl/oferta/opel-astra-opel-astra-1-2t-benzyna-145km-edition-nowy-tylko-do-leasingu-ID6DTDXm.html#cae3759e3b
Hyundai,I30,2015 ,24800,PLN,https://www.otomoto.pl/oferta/hyundai-i30-comfort-2015r-salon-pl-i-wlasciciel-gwarantowany-przebieg-certyfi-ID6DTDX3.html#cae3759e3b
BMW,Seria 3 328xi,2007 ,14900,PLN,https://www.otomoto.pl/oferta/bmw-seria-3-bmw-e92-328i-xdrive-bi-xenon-m-pakiet-alpinweiss-ID6DTDX4.html#cae3759e3b
Peugeot,407 2.0,2008 ,22800,PLN,https://www.otomoto.pl/oferta/peugeot-407-2-0-diesel136-kmnawigacja-gpspanoramaalufelgipolecam-ID6DTDVY.html#cae3759e3b
Volkswagen,Golf,2017 ,4800,PLN,https://www.otomoto.pl/oferta/volkswagen-golf-2-0-tdi-150km-comfortline-czujniki-parkowania-system-nawigacji-ID6DTDVt.html#cae3759e3b
Seat,Altea XL,2010 ,34600,PLN,https://www.otomoto.pl/oferta/seat-altea-xl-1-6-benzyna-102km-tempomat-klimatronic-oplacony-ID6DTDVn.html#cae3759e3b
Hyundai,Tucson 1.6,2021 ,19900,PLN,https://www.otomoto.pl/oferta/hyundai-tucson-1-6-t-gdi-150-km-2wd-7dct-platinum-od-reki-ID6DTDVi.html#cae3759e3b
